id,password,last_login,is_superuser,username,first_name,last_name,email,is_staff,is_active,date_joined
1,pbkdf2_sha256$1000000$QfQZyYYSCQ48Me7Uqxxm8E$h+TlTbz5CFbTEDmDcNGNWc2LC2BVVeZS+cq9Rw31+v0=,2023-07-10 08:18:58,false,company_user_1,Emily,Jackson,emily.jackson@solutions.com,false,true,2023-04-06 05:05:47
2,pbkdf2_sha256$1000000$ju9UxA5c0O2IlkuJe9qlLj$QBS1ltqtJvlEcRFuWr7fOZqwR6vRj94pmYH/fgBn2KY=,2023-10-15 06:48:02,false,company_user_2,Joseph,Walker,joseph.walker@inc.com,false,true,2021-03-20 08:01:23
3,pbkdf2_sha256$1000000$YiXTZtUUjPPR6PKA6ubHVM$Ik86lDSnay4SfYz7eppIDIWN2Zk5maA78Z52AYu7jQ8=,2020-11-09 09:17:48,false,company_user_3,Thomas,White,thomas.white@corp.com,false,true,2022-11-18 07:34:19
4,pbkdf2_sha256$1000000$DMFpaZ9Gw5WJCRvh921Uwb$KemLD8BANJZ0nuhbOibazHiAf4C6c+pQx5qfRUkVjyM=,2022-01-09 12:56:01,false,company_user_4,Michael,Thomas,michael.thomas@tech.com,false,true,2022-09-10 12:54:33
5,pbkdf2_sha256$1000000$JfQrTPgiig45XaItfcFbCR$AsG/dl/Pqhpy+3Bfbvw0hYdyoOLIQlj1J9YcVTniGCg=,2020-02-14 09:15:28,false,company_user_5,Rebecca,Hill,rebecca.hill@solutions.com,false,true,2023-07-21 16:02:11
6,pbkdf2_sha256$1000000$9MhddiCnQUamaGGBtjthfL$Ah4tDML1AEVYWgMO1a8CTKIaLyr7ctxvDuYiNOd5DVg=,2022-11-07 11:27:54,false,company_user_6,Sandra,Sanchez,sandra.sanchez@digital.com,false,true,2021-03-01 15:53:12
7,pbkdf2_sha256$1000000$pt221cc0wbfpp7HFS1Dkvl$tOwGU37A9vvFgY7LW7BGC9ex/FERY4JT/OHXvDO21HA=,2022-06-26 17:32:09,false,company_user_7,Cynthia,Mitchell,cynthia.mitchell@inc.com,false,true,2022-04-09 23:10:58
8,pbkdf2_sha256$1000000$rNhWIXbhtpJRzPHvQs7g4C$KWKkmlW9yrqy3+NIH0A4tGiEGHPz6coOQRJTX9Iam9A=,2022-03-27 12:04:28,false,company_user_8,Jessica,Jones,jessica.jones@tech.com,false,true,2021-07-13 18:13:12
9,pbkdf2_sha256$1000000$foT2lsOmKkL866FRZXbBys$RXjhMsBa+zpGVXu/yk8/EaHOISMKXNdJolfjgDXMxUU=,2022-02-09 15:45:44,false,company_user_9,Gary,Thompson,gary.thompson@inc.com,false,true,2021-04-27 14:51:48
10,pbkdf2_sha256$1000000$XnBeXloUvAneBOOU9wwkKh$fiIdUdZujS6N7gPoqcYpFYWYulCo1G+yC0SGx1GGxDs=,2022-07-09 13:48:17,false,company_user_10,Joseph,Rivera,joseph.rivera@corp.com,false,true,2022-12-22 16:49:35
11,pbkdf2_sha256$1000000$FhvQ3xozBlsVx5wRiHiLNI$jRyLfW8cVCTqbq+G6kOPoUJmmfh7JhF4XpGQvCQIuws=,2023-01-16 22:52:39,false,company_user_11,Emma,Wright,emma.wright@solutions.com,false,true,2022-10-07 21:22:30
12,pbkdf2_sha256$1000000$S93a5LgxsLgMaZTk00P8Ci$3VTA6mwYJWkXgR69PybSBakfXlEx67n/f3ppAapiUGE=,2021-08-19 00:53:38,false,company_user_12,Michelle,Thomas,michelle.thomas@inc.com,false,true,2022-12-11 10:53:40
13,pbkdf2_sha256$1000000$oFJaouWrk9i7Gw4La5NY4y$g8Je8wVK5pnTvOsNvaryegfmw5BAgjBaEvWJGx+mmZ0=,2021-08-04 22:59:42,false,company_user_13,Charles,Mitchell,charles.mitchell@inc.com,false,true,2023-01-03 20:52:05
14,pbkdf2_sha256$1000000$o5kwryXCF0LhNJtL5cHYiB$FdzBvvZEAP5Rt4AHrG4KcF3YuQ2a97p7vcdaE/tTWH4=,2022-01-29 04:38:55,false,company_user_14,John,Campbell,john.campbell@digital.com,false,true,2023-11-22 14:56:23
15,pbkdf2_sha256$1000000$ycJoFLcWiYpzNmwRR14euJ$6qWIcRYwgBdxHGDCpbfcE/kSeVpG+6SuObyYM+q5i88=,2022-03-02 05:14:29,false,company_user_15,Anthony,Robinson,anthony.robinson@inc.com,false,true,2022-07-27 09:57:13
16,pbkdf2_sha256$1000000$EOdxdmmSncdqbvjQLRbGv5$baz61chqZuPL3A8jc0k7mRhvyojO9KdfKtcK8s3kmac=,2020-07-29 10:15:19,false,company_user_16,Christopher,Wilson,christopher.wilson@tech.com,false,true,2020-05-24 08:09:36
17,pbkdf2_sha256$1000000$RgGIy1npu3l0XetrbbOHCK$+3RJcbvq/E+h+Z9lrGuurrbN9yK0gtWvDNw8FlW8RSA=,2020-04-26 01:27:57,false,company_user_17,Angela,Martin,angela.martin@inc.com,false,true,2021-09-26 01:32:19
18,pbkdf2_sha256$1000000$brHDvzoCrJEfEL8WOX67f8$xsIRbeLe+CbpKMd4tOMIRQAFwLzHHPXCIzBx8dGR1qQ=,2020-08-21 20:17:07,false,company_user_18,Rebecca,Perez,rebecca.perez@digital.com,false,true,2023-10-08 16:08:14
19,pbkdf2_sha256$1000000$oCnX90Cl1GKJWdosHos9uC$MGLXYbigt1ZTxDacYR8+g/Iyx2dbhnhfgo8uJoyz7/k=,2023-09-07 08:12:14,false,company_user_19,Donna,Smith,donna.smith@solutions.com,false,true,2020-09-18 20:15:09
20,pbkdf2_sha256$1000000$qlsB1f0TQy1m9kATErdlM7$PX7D7NpHFuymdyHDsaYbgpPlOE/5HSgTcJHziFWCQSA=,2023-11-22 20:16:42,false,company_user_20,Joseph,Lee,joseph.lee@corp.com,false,true,2022-03-01 04:23:06
21,pbkdf2_sha256$1000000$XfEfA4su7NFgIglogtQ2I2$uGCS+sWdBACeGE0zwxQctVEOFux6zb0eI7IkJ1LKdyk=,2020-01-20 00:05:16,false,company_user_21,Sharon,Williams,sharon.williams@tech.com,false,true,2023-03-24 18:17:35
22,pbkdf2_sha256$1000000$pKy67VL8FdNa4K1lYMkTzR$n6Fz9PNfwof0+OE9N/jQjqi8iZnnnsSnetQlFEtdvCY=,2021-08-22 14:12:11,false,company_user_22,Helen,Nelson,helen.nelson@corp.com,false,true,2022-07-27 03:51:13
23,pbkdf2_sha256$1000000$V79eR7rRCEgFdLZstXvOg3$G1CFdJ7oQYV9GmeJKsQGBHKLp6JTDlqlEQaiC2P1WcM=,2020-09-27 00:07:31,false,company_user_23,Cynthia,White,cynthia.white@corp.com,false,true,2020-08-23 03:59:08
24,pbkdf2_sha256$1000000$4j3V3hzrTtdL3utmzgg8lT$IE/2nYFu8mJKQv944vs6oKKzZRj0ixJGxll6ee155hQ=,2020-11-26 17:18:02,false,company_user_24,Angela,Harris,angela.harris@tech.com,false,true,2022-01-21 06:53:48
25,pbkdf2_sha256$1000000$kAjCHLYYh0L8TPFapWpjax$TDcfO4ZtuY+WN90eHKl9i3sbFypTmvvePS6C5AT+JsY=,2020-06-15 16:07:35,false,company_user_25,Pamela,Lewis,pamela.lewis@corp.com,false,true,2022-11-10 16:25:32
26,pbkdf2_sha256$1000000$AWODtEhx5GxWQJaFDbciVV$aLe0UaIwmi4Jryv3zPHsmqi9cEILZERveNd1iwhOPM4=,2023-06-24 05:06:19,false,company_user_26,Kevin,Rodriguez,kevin.rodriguez@inc.com,false,true,2020-02-21 23:13:48
27,pbkdf2_sha256$1000000$F5iH5uydDYaXzThDVgjRL4$fY3hLdCoG6vgKzks6+XQ3O6pBGsUHUILMezJhio9kQA=,2020-03-24 10:04:44,false,company_user_27,George,Lewis,george.lewis@corp.com,false,true,2020-08-06 05:02:51
28,pbkdf2_sha256$1000000$RHjEPm2cpOI8rVDt2M9GKi$ZhVm3u58jc3vSV0s9a+/iGpPq6wYhc4Mg9mRbPkR8Ak=,2023-03-13 06:22:17,false,company_user_28,David,Hall,david.hall@inc.com,false,true,2020-07-12 14:18:09
29,pbkdf2_sha256$1000000$gee3z0Viy4hlGuRQ4Mewsp$l0ULmw5Q8OzFCCS7ecXyFiWbpTqwE+Rirte3WAKoDpQ=,2023-07-09 00:12:23,false,company_user_29,Robert,Williams,robert.williams@tech.com,false,true,2020-05-04 12:56:24
30,pbkdf2_sha256$1000000$FwZ6dE8qhV7EKSlnYBqf11$LDor1OwoiqwgHrTyi4IW3GBaX/WuHlPt+tmGmAiIXEI=,2022-02-26 17:13:30,false,company_user_30,Jennifer,Lewis,jennifer.lewis@inc.com,false,true,2021-06-03 01:42:29
31,pbkdf2_sha256$1000000$x5iiFXqnAXiBtu8KUBYGSp$51XF21CBN1jkt2YLjH+reI+J2cohAPp0oTd/pPyz9s4=,2020-12-19 05:45:04,false,user_1,Brian,Thompson,brian96@hotmail.com,false,true,2023-06-28 14:21:04
32,pbkdf2_sha256$1000000$5Iv9FU5xjLWBb5a6b17vXU$ckxhKvs757LNZccfFncU01FOn9TOIoP6gC5cXzNhzeM=,2020-05-21 00:16:28,false,user_2,Sharon,Robinson,srobinson@yahoo.com,false,true,2022-04-01 05:59:13
33,pbkdf2_sha256$1000000$JtU75a6GVjO7NvxktzTcb2$v/jCLGS3v5jtrdg1zeBvhtP4nRNO6lXZ1bTqb3wQho0=,2021-06-22 02:48:08,false,user_3,Angela,Jackson,angela64@gmail.com,false,true,2020-12-28 19:03:11
34,pbkdf2_sha256$1000000$hBGtpbFP406pZBCMjB6NE9$J47sVDi9E3NKbzk984r83V/xJN5BUhoT+o0dE+po7WY=,2023-12-23 17:22:02,false,user_4,Melissa,Thompson,melissathompson@outlook.com,false,true,2020-02-05 11:10:32
35,pbkdf2_sha256$1000000$aVrgDo6PON2cF2RFTMkiOx$dT0OFyvuMRG09QrlWcTgpqoqtdp3WoTuUF74KBQ8p4s=,2023-02-17 20:25:06,false,user_5,Richard,Wilson,richard36@hotmail.com,false,true,2020-03-26 03:36:11
36,pbkdf2_sha256$1000000$PL4IUJL1H9Truc3dYAzgTV$hrJFZO5tpbEtBrzzQl2GFAcrIO73A7A2iOinBn2yy2A=,2022-08-12 21:28:50,false,user_6,John,Torres,jtorres@outlook.com,false,true,2023-09-30 20:21:32
37,pbkdf2_sha256$1000000$9qsWQtlRtgptMrzSvnvnef$5kLsBtakgWaOqZ/pVIWXCme4YC89JQLV8sXLpmKt3rA=,2022-10-01 04:56:02,false,user_7,Kevin,Hernandez,kevin79@yahoo.com,false,true,2021-11-21 23:12:24
38,pbkdf2_sha256$1000000$VR25boBHBRars4rNPpTFoU$ECYGuKHvkTQYZGFAY1SS6OBh8OQZAW3knzQBCSBTRMA=,2020-01-10 03:55:54,false,user_8,Dorothy,Hall,dorothy55@gmail.com,false,true,2022-09-10 17:40:38
39,pbkdf2_sha256$1000000$h1VF2P3n2bYXIlJp7jfLzl$EYNPMWNpV3FIvjXZ9s9ALWj9cXnpt7Ylbp+alxEdxho=,2023-12-07 21:47:42,false,user_9,Paul,Lewis,paul.lewis@outlook.com,false,true,2023-11-09 09:32:51
40,pbkdf2_sha256$1000000$PqWfgfRYsuhYPFGFkDUkSq$UynwTeMTywzxNqq23rNHCw+O4DoACugDpkniwFKP8F8=,2023-03-01 00:58:14,false,user_10,Karen,Clark,karenclark@outlook.com,false,true,2021-03-01 07:42:15
41,pbkdf2_sha256$1000000$VCluXNTiHEQny8pfLxX74a$ANY3/n5xKRK47AJr8LvU8SjFAtyUeJ8zW1+VELszCEc=,2021-09-16 22:07:21,false,user_11,Thomas,Jones,thomasjones@gmail.com,false,true,2023-05-02 21:35:35
42,pbkdf2_sha256$1000000$XGRGe8jOUFXNHQJo9yt0Yg$/tb1ZVtmdXkp3M3cp9bnYKSAqBwq8nBAIJa1a9eTE+I=,2020-09-14 07:38:59,false,user_12,Karen,Moore,karen.moore@gmail.com,false,true,2022-12-06 03:51:26
43,pbkdf2_sha256$1000000$fX7lUXs7WDi7mLQGgWotuA$QGprOWrtVsqnY4pGL4nxBHlTIT8CHt4rH9B2CNN2Wvs=,2022-12-30 05:44:44,false,user_13,James,Lewis,james.lewis@hotmail.com,false,true,2021-03-16 14:17:09
44,pbkdf2_sha256$1000000$HopoU4lRr8mtX6JZxqyI29$i1gKBJC3d61gNC2Y2g/iRsJ3Q7U3nutUbMu3jXETp4s=,2022-06-07 12:21:03,false,user_14,Kenneth,Roberts,kenneth.roberts@gmail.com,false,true,2023-10-04 11:53:19
45,pbkdf2_sha256$1000000$B0joQxn6i2sSKfwgf8i35W$0wmV4bD765OO4H4AUVV6zTX/aosOT5Fpy8jXmT/wXtk=,2023-01-01 04:33:31,false,user_15,John,Garcia,john.garcia@yahoo.com,false,true,2020-01-19 03:59:12
46,pbkdf2_sha256$1000000$aXw6LjbFyUApgOeJTjUeIH$bTEpPOV8vOCpneC3niuUlkq2LA/a0aQyyIBcH+esM7E=,2021-06-08 02:13:08,false,user_16,Margaret,Thompson,margaretthompson@outlook.com,false,true,2023-09-23 23:30:49
47,pbkdf2_sha256$1000000$fWkVzenqAS4XSN9yb2OQqi$FiRlbejST6QXxurP6BRNgy2kMA12Q/GlOhyLHYjSHlM=,2021-03-26 22:37:12,false,user_17,Barbara,Hall,barbara.hall@gmail.com,false,true,2021-07-05 21:20:28
48,pbkdf2_sha256$1000000$HtGD8wATBVsw7ECBoZsPvN$N9Lmf1chQ15/frOCGnC4rOJT3F5iihLE/2SWdQ3fxnA=,2020-07-26 09:12:38,false,user_18,Jacob,Johnson,jacobjohnson@outlook.com,false,true,2021-09-15 20:43:11
49,pbkdf2_sha256$1000000$8EkBBjoExImKGiOb941ndS$OJNhKL1BOI8yF1ZP+/SEbSwevOM/1q/6miWml2ryNXQ=,2020-04-30 01:09:32,false,user_19,Brenda,Flores,brenda.flores@yahoo.com,false,true,2022-10-25 08:09:06
50,pbkdf2_sha256$1000000$plgY4LoV6hAr46u0nFmr6E$qWb98H6r40mjbvMiaw83GIgC95kYpkT7niZVQz+G7KI=,2022-03-21 00:09:28,false,user_20,Stephanie,Nguyen,snguyen@gmail.com,false,true,2020-08-20 09:30:05
51,pbkdf2_sha256$1000000$3uds32e0B7ilHNP6vv1Wx1$zwjjvRATpCOXe9jz0HXoV5E7PDA6Yz2WnzzJkk5vhxI=,2022-12-05 19:36:20,false,user_21,Dorothy,Hill,dorothy60@yahoo.com,false,true,2021-12-01 06:20:04
52,pbkdf2_sha256$1000000$gjZ4LUEcce4B6aUZs4kCaP$ZVFE9HqRBzCiy1HBHS0KGyD4rW2BaqlZDQLvDijvm9s=,2020-03-20 09:24:58,false,user_22,Michelle,Perez,mperez@outlook.com,false,true,2022-05-13 04:42:10
53,pbkdf2_sha256$1000000$YHBPK1TooGSo7Fay4R2C8m$LQUACXYRPDIn0HB0mKrz8Dh/MWZLVRFcspelTia8Zx0=,2021-03-03 03:15:26,false,user_23,Gary,Campbell,gary.campbell@yahoo.com,false,true,2021-02-05 04:05:21
54,pbkdf2_sha256$1000000$xjWesgDdHOdJW3LSi0zPAY$If4Afd8rEtINbg08/po946gueFNY3ebg75ufNUCFPwI=,2020-06-21 00:27:53,false,user_24,John,Jones,john.jones@hotmail.com,false,true,2020-12-18 14:24:21
55,pbkdf2_sha256$1000000$Jo5x8bCc5IFU9QiAafSwYb$RpF6qJHutYXxJFI/oCdL7yQav6jSyfVoQSTkqXLv2NI=,2021-01-27 10:37:53,false,user_25,Kenneth,Ramirez,kenneth63@gmail.com,false,true,2022-04-14 19:52:42
56,pbkdf2_sha256$1000000$moUR5cieKH4kWGdDH5mfTE$EpYVkGKVRbYjXAZ6C0jrnkel6ejUoxdwYgiEZWz2hZ0=,2023-01-23 11:43:51,false,user_26,Charles,Perez,charles.perez@hotmail.com,false,true,2020-07-15 15:21:24
57,pbkdf2_sha256$1000000$0wgHMBRGcvMqHHPIOPg9Mm$rIOiB8WqGpd4+QXwFJgWSYUn2O0tEkdSQ47qARnZoWA=,2023-02-23 05:24:27,false,user_27,Steven,Perez,sperez@hotmail.com,false,true,2020-01-27 18:32:28
58,pbkdf2_sha256$1000000$74blfbeEmRGr4oQznD1axE$SbIF/Y3CdFJebFWmyRi17h3XgB2f9Cce5mli2sUb0A8=,2023-04-29 07:09:22,false,user_28,Michelle,Allen,michelle.allen@yahoo.com,false,true,2021-08-25 16:02:06
59,pbkdf2_sha256$1000000$EUeaz2VJARp2hhF70EPCPq$J+SDD7zVQWnxPozn7aYaMu9SeU1AWl5qslOYR30j/gw=,2020-06-01 00:58:03,false,user_29,Paul,Rodriguez,prodriguez@gmail.com,false,true,2023-05-27 18:18:07
60,pbkdf2_sha256$1000000$ylGO3gP0QAniJZ5tx2DFhk$Wdu7XzVr7X7hQgssqCbVhpa9SUpp9EE9ibABnWZ7Ams=,2021-06-24 08:40:19,false,user_30,Amanda,Lopez,amanda82@yahoo.com,false,true,2020-10-21 09:32:24
61,pbkdf2_sha256$1000000$3OKGoPWdg3aE1q7CTVLkNR$6QMmO4sdYOY1pCQCFZOsjPfiy8xrLAAjOm/zCxt4FAo=,2021-12-13 19:11:54,false,user_31,Michael,Martin,michael77@outlook.com,false,true,2022-09-22 00:56:36
62,pbkdf2_sha256$1000000$KESXsD9NjRUUeAAlzjkw1Z$c6ilNmS5Fnzbt0ZE6cq4paukJH+rwSPBFv8zy68pCJE=,2023-03-23 09:13:12,false,user_32,Shirley,Harris,shirleyharris@yahoo.com,false,true,2022-08-05 23:11:50
63,pbkdf2_sha256$1000000$V4uiWd5SgVvcRBw24ckjtq$HhoQfVtfFUe6TF6RceFK1xM93S5AR2y8PoKt4APxLdc=,2022-07-06 06:53:38,false,user_33,Rebecca,Lewis,rebecca28@gmail.com,false,true,2023-11-09 11:56:10
64,pbkdf2_sha256$1000000$i6K2cGgJHA24CiRJALyjlH$V+HMAmBsSDRWIta1oJjtwQRolcdb4XEmypA+NaoL+BQ=,2022-03-25 14:59:22,false,user_34,Justin,Hill,justin.hill@outlook.com,false,true,2021-08-16 21:11:53
65,pbkdf2_sha256$1000000$AohfglDbsLJVxPuwSrXmXb$aLVfWm/Yfl7cuDh1JdNxa8e3DPZ+tJeo9tJf+fd4YOU=,2021-12-18 14:19:01,false,user_35,Melissa,Hill,mhill@hotmail.com,false,true,2023-10-24 02:31:00
66,pbkdf2_sha256$1000000$BDDDEEn7koCpbR71rzBbt2$3EweS14gR0NQSPOQ/DYcSbWgVJq+84eT5RfocdjcDlA=,2023-08-21 02:20:57,false,user_36,Charles,Mitchell,charles.mitchell@outlook.com,false,true,2022-11-15 20:00:54
67,pbkdf2_sha256$1000000$uCFMsPnTPLsiPC6PVuv0Gn$/jpDyOk0Y5J5tMIziXpuavNoP4UpfyRSEJvhmhSJGpk=,2020-10-29 11:58:06,false,user_37,Jeffrey,Lee,jeffreylee@outlook.com,false,true,2022-12-10 05:07:55
68,pbkdf2_sha256$1000000$GqpQ00RFXSqke2lw4O1pZz$quNhZKSvzdEvInOxd5a4+UQ+sy85oTmtmKp9zb5dzao=,2020-06-12 15:13:54,false,user_38,Thomas,Thomas,thomasthomas@hotmail.com,false,true,2023-01-02 18:19:17
69,pbkdf2_sha256$1000000$BZ5E7W8TeuMDy5hxi6fUGv$4xFqRxS1s6btKkCGG/SVa0a2vCtOqASHwIeBAOhDNeE=,2023-04-18 22:39:14,false,user_39,Laura,Brown,laura46@outlook.com,false,true,2023-06-24 01:32:10
70,pbkdf2_sha256$1000000$nO9rAtzLAmLiTqwo7vlNLS$PoUzwqneC0l4CGVgpvX7AobTbbsSDBtzdytVonqj17w=,2020-12-20 17:19:54,false,user_40,Carol,Jackson,caroljackson@yahoo.com,false,true,2022-06-26 02:22:57
71,pbkdf2_sha256$1000000$Vq6gP8w39MMbRwB7s9OMl8$C0ZQ8GVQAl0H2tFiMg8JdYj65MYNsXZb1MoTw+gE/p4=,2023-06-20 23:28:41,false,user_41,John,Hall,john.hall@hotmail.com,false,true,2020-05-21 01:57:22
72,pbkdf2_sha256$1000000$1Qgbqmb9NU7DgrxFPBeCja$8MK1KfAxnPHF37e+o0pDem+l2Y9Wii3FNEE5GsJLMFc=,2020-11-18 21:09:47,false,user_42,Jonathan,Davis,jdavis@outlook.com,false,true,2022-05-04 03:28:58
73,pbkdf2_sha256$1000000$bAozDWZKpeosqSck4hxyMz$1xCtnXjS/lt1A2mHk2IyhWy0dxiXu84jlYRlwHmb2U0=,2020-05-22 01:59:05,false,user_43,Matthew,Sanchez,matthew.sanchez@gmail.com,false,true,2020-12-28 09:21:07
74,pbkdf2_sha256$1000000$IuAL6o2VOYnS1Kof7m2Jnq$mhcaIi2XEOPalfWNImLh4lYEgrQL/oTxBxow2lCTbIo=,2020-10-28 11:28:23,false,user_44,Joseph,Ramirez,jramirez@outlook.com,false,true,2020-08-16 16:03:32
75,pbkdf2_sha256$1000000$dBULaWYhFm0BDEJ5M2F0A0$l6gAmBVy3Cg3iKU2yKZP42JRMOU52K0YDbe57Gw8zMY=,2020-02-27 11:07:50,false,user_45,Anthony,Lewis,alewis@yahoo.com,false,true,2021-08-04 19:44:17
76,pbkdf2_sha256$1000000$61O7wsedRMOiA66tBIjPrH$K9GE18aJ5ffeW+gR7Ycf3XoQFo9uDcBF1t4obcLhKnc=,2022-11-05 02:13:44,false,user_46,Deborah,Flores,deborah25@hotmail.com,false,true,2022-03-15 13:25:08
77,pbkdf2_sha256$1000000$2I9QAeqfINO3i7tL4VcKLU$DPX8kGO0tBW13K7ji9sUwZc+Uai2OECSb2PHpRPYCGk=,2020-03-16 17:53:53,false,user_47,Joseph,Roberts,joseph12@gmail.com,false,true,2023-12-10 06:28:48
78,pbkdf2_sha256$1000000$hhWonULEgRU0Obnqps5PWh$O9IbfAWpTkW0XoAhMfyRawnSX3aIhjOyjUgcr4bAVXQ=,2021-02-17 03:14:33,false,user_48,Stephanie,Lee,stephanielee@outlook.com,false,true,2021-02-02 04:04:29
79,pbkdf2_sha256$1000000$XKf5NE8JDNwxDxmoPbgC7c$GYD82t1RalM/So8FzqBh+SGfB/AaM4e7BSW7xijxmxc=,2020-05-17 08:29:43,false,user_49,Anthony,Adams,anthony6@outlook.com,false,true,2022-03-10 23:01:54
80,pbkdf2_sha256$1000000$poOEq61TlnU5s7qmvFYxUR$+znB4grnTd9UqeA5B4Qj/OMhyVuw2m0pvQjLH4mh8fs=,2021-11-17 14:08:22,false,user_50,Emma,Roberts,emmaroberts@outlook.com,false,true,2020-10-07 02:46:03
81,pbkdf2_sha256$1000000$g6P3F9eet5kvLQXXDdmA1L$Pm2d5o/Q+j0sCKngz8etzcg23GD8b55R4IxW88yMfXw=,2020-02-23 03:12:36,false,user_51,Rebecca,Mitchell,rebecca28@gmail.com,false,true,2020-01-25 00:26:26
82,pbkdf2_sha256$1000000$wQAcGK87Ab3RaAZXD5eoxL$DDc0vbUXS3qW7x7nRP6acQW/rCpSIiQNQ2WF5oVyoQY=,2022-10-30 04:01:38,false,user_52,Mary,Smith,mary72@hotmail.com,false,true,2023-06-17 04:29:54
83,pbkdf2_sha256$1000000$p4zcp6FgFCVhhCYPWZ29xY$WKeWmgL0gUoxWodmzRoFgjzvhTqDhcDmsN6ihyTeHi4=,2020-05-18 13:20:53,false,user_53,Elizabeth,Lee,elee@outlook.com,false,true,2023-09-25 02:10:38
84,pbkdf2_sha256$1000000$mwyaqtJg1gvydkLNszkoz5$huq1VPyzC4TYCWh3feK844fRPA1RHlM7uz/RlN/qIlY=,2023-12-05 09:51:53,false,user_54,Christopher,Lewis,clewis@outlook.com,false,true,2023-12-29 09:01:47
85,pbkdf2_sha256$1000000$uo2WatZrU2GAqTE1dkYg8i$c3m6ogASRyijBq1EHXYohkCelfTa+oW8p+CFffYQLvg=,2023-05-28 21:37:34,false,user_55,Nicholas,Green,ngreen@outlook.com,false,true,2022-05-29 19:31:15
86,pbkdf2_sha256$1000000$sxHTcozggIuZn2ndBBA9tn$lUDIU+/5nE/cS3QTL3p+ZJGuIV2cejqUPreq8WckLME=,2020-02-02 08:12:04,false,user_56,Ryan,White,ryanwhite@hotmail.com,false,true,2023-03-01 05:02:27
87,pbkdf2_sha256$1000000$EmV8Z9AMVSTrrwnR5R7mTy$vQYK5skGqrBUMwvf4ImfNqD9CenkgVDptUo+ui1ZDjE=,2023-05-02 12:11:06,false,user_57,Susan,Allen,susanallen@yahoo.com,false,true,2020-02-18 23:02:46
88,pbkdf2_sha256$1000000$NBppyPuADdN6WhzPc1SAxi$F5+JYKwBLAI/UDpCfrtb90sNbu/KZlj1K8BKNW4s7VA=,2023-08-05 19:54:15,false,user_58,Joseph,Roberts,josephroberts@yahoo.com,false,true,2022-12-04 19:08:27
89,pbkdf2_sha256$1000000$qFFdWNr3Rh2McyzcmH1R9r$0ai+B4mRPvOtxvpJufJHwZsnTZrd+MtpaZzRuEPtQjQ=,2023-11-18 23:50:52,false,user_59,Thomas,Moore,thomasmoore@outlook.com,false,true,2021-02-09 09:35:44
90,pbkdf2_sha256$1000000$tJ30PINzQqidK7tzasTgrg$E+0GIbMx/m8dKTbbl/Q5o26g/ZgyYBndu7jc3PjcUEk=,2020-01-04 15:50:30,false,user_60,Samantha,Jackson,samantha88@yahoo.com,false,true,2020-04-27 20:14:00
91,pbkdf2_sha256$1000000$1uljX2ji36yY1rVFwtiYRj$NlmmsX/ynehf9ni+1YNm5+aPKYzxSo8+QLFcgoRZ3xA=,2020-04-11 18:26:41,false,user_61,Jason,Brown,jason41@outlook.com,false,true,2020-05-22 17:36:36
92,pbkdf2_sha256$1000000$ng87klNoBoPzXsHc7vns1t$cWRsqIbzB9Crgm8XdsIp/BjlAACz+feVolZXv226Mhs=,2020-08-02 07:44:26,false,user_62,Linda,Ramirez,linda.ramirez@gmail.com,false,true,2021-06-16 17:30:52
93,pbkdf2_sha256$1000000$z44EzT0RnmlfTSVAIIzo0l$wkXjox6glKLLVbf/y7qHDa1BeJ3LeXr05SG/H9H/VyE=,2020-01-16 18:17:56,false,user_63,Stephen,Scott,stephen.scott@gmail.com,false,true,2023-11-03 12:19:57
94,pbkdf2_sha256$1000000$8HkWEX8K4scWEnVqsKqUxB$/uhARUgGY12XG0Krd9MvWoBczRkaaRTi8691AD9j+sA=,2023-05-30 21:14:55,false,user_64,Pamela,Moore,pmoore@outlook.com,false,true,2023-09-26 00:39:08
95,pbkdf2_sha256$1000000$UjkJhwuLv8QNoPUC9A1vq6$Rt94SkO7SAy45m2SVtGdH7OZi9rfPkNilQvl3dMX2YI=,2021-12-05 06:37:58,false,user_65,Jennifer,Carter,jennifer.carter@outlook.com,false,true,2022-03-27 13:53:18
96,pbkdf2_sha256$1000000$6oNea7O4ciWzJVmTyy4xRO$bsA5KGRU/f6d2BqcGTHPB3lCglNSXHTyEvSy+cSnFuQ=,2020-07-16 08:45:43,false,user_66,Patricia,Thomas,pthomas@gmail.com,false,true,2020-06-15 04:54:12
97,pbkdf2_sha256$1000000$qCIjIAnqeiUdEdIghHI7pq$kl+aP+lhIroo3cZOSlIeiDFtYZOHkj55R64UlyqPTtQ=,2021-05-04 07:21:07,false,user_67,Patricia,Wright,pwright@hotmail.com,false,true,2023-02-05 17:09:30
98,pbkdf2_sha256$1000000$JPuse9UuvWbNhj1li5JtWl$HvJaMyTiW3Ld7eoaW9y6NyTOftm3rYYBkJmEjFs5P2E=,2021-07-26 05:16:48,false,user_68,Pamela,Baker,pamela23@hotmail.com,false,true,2020-02-16 19:34:27
99,pbkdf2_sha256$1000000$GoR3TqM8ZG8En0Bey0pIqP$KHWROdx23qFNqJf2ak8jQLEqP6ybos2+L63EZYv5Rwg=,2021-09-11 11:03:19,false,user_69,Kenneth,Lewis,kennethlewis@hotmail.com,false,true,2022-11-14 12:31:04
100,pbkdf2_sha256$1000000$pNOg6RZENxz2sw4dt61blr$yCw+eyt73iEYfNcAL8XHPo+bS1jIgSj1NLe88bN8d4c=,2023-10-13 22:23:40,false,user_70,Carol,Nguyen,carolnguyen@hotmail.com,false,true,2020-08-16 20:03:35
101,pbkdf2_sha256$1000000$6hpwZcjbhqsUw9RBt4XUtm$Q66XA74KHGIOgYkhSvG2/65pTtwUVELLIt/OLVnBuzs=,2023-07-15 11:10:42,false,user_71,Timothy,Baker,timothy.baker@outlook.com,false,true,2022-09-22 22:14:32
102,pbkdf2_sha256$1000000$cZAt1Gh1sqX4YqojoAn0bP$2ffTc4eJsRUgw8mLe6tAFaulPvwgkWOfABBoDuf9/dA=,2022-05-23 01:27:29,false,user_72,Eric,Mitchell,ericmitchell@gmail.com,false,true,2020-12-07 06:42:11
103,pbkdf2_sha256$1000000$IYYyHgJk5oTLKy9p5bCX0U$tO0j8O2TejGvuQWTfqifm0AK9hn5SmzuwX//Irv3LrU=,2023-07-10 01:11:43,false,user_73,Gary,Gonzalez,gary39@yahoo.com,false,true,2022-02-14 22:22:35
104,pbkdf2_sha256$1000000$SlNr0AIM4KXiiG76i6oDed$slWkMDvvDez0romRaieh5O/Nhm2JlzDbISdsLviY5yY=,2020-09-23 00:30:22,false,user_74,Brenda,Garcia,brenda.garcia@outlook.com,false,true,2023-05-07 13:30:18
105,pbkdf2_sha256$1000000$0LEE3axV1yxpl7eUh8KrBw$lwh41IUNHlLez/GnblAzkaD0tg0f4grLDPJaeqCMiwg=,2023-03-20 13:35:09,false,user_75,Jessica,Hall,jessica44@outlook.com,false,true,2021-05-28 17:42:54
106,pbkdf2_sha256$1000000$aDkgTLvEYk8THB0A1lXcbn$keOmbdg0gWWVIu42kvwne8q1x+gS6pWYdEDDQd2FIcI=,2022-11-23 20:06:38,false,user_76,Karen,Mitchell,karenmitchell@outlook.com,false,true,2021-11-14 09:12:41
107,pbkdf2_sha256$1000000$i49gjDyQgcGbupPYmmCSoY$/TdXdZ/xwMyqtBh5yuk3LxARxoI8KfgiCF6X34UYzbo=,2022-06-13 10:27:10,false,user_77,Angela,Rodriguez,angelarodriguez@gmail.com,false,true,2022-02-12 22:41:38
108,pbkdf2_sha256$1000000$SSGHr7RfylS2IOvEU2m7FI$jt2ggmUWDXT9/Egpj5OfSXpQdoUAhq5xbnKyVOYCq7M=,2023-07-25 18:47:47,false,user_78,Kimberly,King,kimberlyking@hotmail.com,false,true,2020-10-22 03:59:37
109,pbkdf2_sha256$1000000$2W68EbPgsZoBCx4BXubRpn$C7oSQnQH+cvBrl7VZf6TOT1reZ2dzsGZ/f2NCtQEuBU=,2021-09-01 11:41:26,false,user_79,Elizabeth,Gonzalez,elizabeth26@hotmail.com,false,true,2023-08-23 01:32:06
110,pbkdf2_sha256$1000000$z0MGoBJRm2maSWWbHynl1C$RzvowgzhvJSnTh4uJir5e6mGEONgmkDyhEQvassX2bQ=,2022-03-09 02:14:13,false,user_80,Kevin,Davis,kevin.davis@hotmail.com,false,true,2021-06-05 22:18:10
111,pbkdf2_sha256$1000000$BLTi2YAL9f5JX3uCTiDUxv$HDqP/20qLEbFt+MdJK36Sh7NF7KbsO7gAwBqwZvMNLI=,2020-09-30 15:47:52,false,user_81,Sharon,Roberts,sharonroberts@yahoo.com,false,true,2021-04-25 07:00:43
112,pbkdf2_sha256$1000000$20RRBW5w6CXJw9xVsZztui$0Gj/gssIpeUR0UJnztQ69U6ApgqHQjbKgeA7p1ckMeU=,2023-04-29 11:55:42,false,user_82,Paul,Thomas,paul8@outlook.com,false,true,2021-02-21 23:58:26
113,pbkdf2_sha256$1000000$Wm5KzZwvL1aPQIriuEkE5s$qNFgkkxe70T/XlAKo+TvhSIiYwGALT3d727j18JOEjw=,2021-07-01 03:05:44,false,user_83,Robert,Hill,rhill@yahoo.com,false,true,2020-01-14 06:18:26
114,pbkdf2_sha256$1000000$FtO8NGzEikkTdcGtqXFLFb$yAjWS6pKmySdytiUIkeEStzFBFJNxXZlGF8DQk1hcAc=,2022-06-17 10:30:58,false,user_84,Pamela,Hill,pamelahill@hotmail.com,false,true,2022-03-08 15:36:59
115,pbkdf2_sha256$1000000$mblY66im3k69uIugxwcePM$GZt2QgyBQhVc3O+JRKiJVIQ+6eM+Z5eCsDklL2EC3Q4=,2020-05-30 14:05:05,false,user_85,Dorothy,Flores,dorothyflores@outlook.com,false,true,2023-11-16 01:08:01
116,pbkdf2_sha256$1000000$FoNqG4kiGaMEgR8551MvsA$jV21Vghi+CPlK5QIg/P6sF0k5H/4IIxpILrdnE9o4eM=,2020-12-26 02:32:45,false,user_86,Mark,Jones,mark21@yahoo.com,false,true,2020-05-08 05:51:30
117,pbkdf2_sha256$1000000$VxJelgLgHR57kixT3UL1B7$byS/qNwiglMDGhCCjC5VNEuVCpiDd2L7wlW1eA4qwgw=,2020-04-21 20:40:35,false,user_87,Kathleen,Wright,kathleen.wright@yahoo.com,false,true,2021-09-06 11:47:51
118,pbkdf2_sha256$1000000$dcNnzFvtUmr9AbIx4HCcyM$2x83qoMWiW1kqPhQHm6q1PUezjbfy/uPjTeN4H+Rrgo=,2021-07-04 08:15:11,false,user_88,Lisa,Ramirez,lramirez@hotmail.com,false,true,2020-08-31 23:08:15
119,pbkdf2_sha256$1000000$d5Id8EPUrKocDwmzFhBZgr$R6pxCrtGvOZ64l4sHi5/rbGj50reQS24oodec/3nis8=,2020-01-14 23:19:55,false,user_89,Rebecca,Robinson,rebecca.robinson@hotmail.com,false,true,2020-08-14 03:26:12
120,pbkdf2_sha256$1000000$zF2qefOMJR4Q8rbsD0JyEV$hq5RxwCfJdSOJ0hpfnkOhcLU0Afc4UFDj/0SfV4Xcig=,2023-09-29 14:46:50,false,user_90,Richard,Robinson,richardrobinson@outlook.com,false,true,2021-03-30 18:47:48
121,pbkdf2_sha256$1000000$uBVgC0uMjT7tq6gZAUfHFs$19eabFNYbnNKQCepieJ9OiLvgBHpfM65ZnzQF3II1z0=,2022-04-13 06:48:04,false,user_91,Jennifer,Smith,jennifersmith@hotmail.com,false,true,2020-01-09 09:57:47
122,pbkdf2_sha256$1000000$zBnJJBcQqaU1TJU92ZqdzS$RRZ6LaaTLsOzQR9xEii3KKIS7cbua99DFzR7sl0umms=,2020-11-15 07:55:26,false,user_92,Ryan,Anderson,randerson@yahoo.com,false,true,2023-05-03 08:20:51
123,pbkdf2_sha256$1000000$9aDfF9aU10OP9IkoboHY5k$w+fzdvjHICe9b0uK4MlvbfPH+b1OceaaWQUbAQIGUGc=,2022-10-24 08:01:30,false,user_93,James,Taylor,jamestaylor@hotmail.com,false,true,2023-11-01 05:46:03
124,pbkdf2_sha256$1000000$Hif69YknDqTOUm1ESmXHa6$HolgiAZnSqlfAnjSW5N/oAbA2Oo9Smtiq49p0elbGcg=,2022-10-16 17:03:56,false,user_94,Emily,Anderson,eanderson@gmail.com,false,true,2022-07-08 17:24:35
125,pbkdf2_sha256$1000000$Z2tKBlKWw5y2vRluetzgz1$6CkxwbVeLbvG02I7+1p8l6UQmqFicgb4I8i2Nt+2E/w=,2021-09-30 13:03:57,false,user_95,Jason,Jackson,jason.jackson@gmail.com,false,true,2023-08-10 13:33:01
126,pbkdf2_sha256$1000000$0fsqBaOgDVLLQhxdiHtTEt$IaLte4oIBGCoovnfealoGm7vt79FXt9BLkPiinR5Nok=,2023-08-30 21:17:57,false,user_96,Amanda,White,amanda.white@hotmail.com,false,true,2022-01-27 01:32:18
127,pbkdf2_sha256$1000000$bWScjNEW1pzKrtez96EPh4$H1xUTNe880h1RY6vHkgZMtbgRtzDpVivuuiBRLgiyAw=,2022-09-02 13:10:31,false,user_97,Lisa,White,lwhite@outlook.com,false,true,2020-05-24 03:23:26
128,pbkdf2_sha256$1000000$Z5Yt0LvCxLocHJqnhrArZ7$ANvIb/Cy5QVI4Cm68P5ZuRoDhiVI2Z2zKRe3a86qspc=,2020-09-17 07:45:10,false,user_98,Matthew,Wright,matthew.wright@gmail.com,false,true,2022-06-02 21:35:58
129,pbkdf2_sha256$1000000$fRMFuZN25XqewI9XLU6rpg$4sEQOzGO33n6S3Yq1BhLVFs5puZuppKMd86Fu5jrhEc=,2022-11-09 09:58:04,false,user_99,Lisa,Smith,lisa66@outlook.com,false,true,2020-02-11 16:35:03
130,pbkdf2_sha256$1000000$8ihyhx90JKh76r24IPvawW$wUglll0YEaN6AcFrg/7Q/QqBEpyK+rV1OWUlg7W4jIU=,2021-02-07 12:43:35,false,user_100,Elizabeth,Torres,etorres@yahoo.com,false,true,2023-09-09 16:41:27
131,pbkdf2_sha256$1000000$W1fOsgFSoBndqIuuH4Ripl$KIJjF0R3Jycwz0ufdlvi6OQOU6aZuBpsg9Ox7J+fEuU=,2020-08-15 04:46:59,false,user_101,Mark,Miller,mark.miller@yahoo.com,false,true,2020-01-02 12:50:12
132,pbkdf2_sha256$1000000$e0MTuoUrhfYMfGSiBD5JnB$onOrgUey0fQXYENVrJjA76onxZ6ypB+D3lg+/YOxtsc=,2022-04-09 05:35:57,false,user_102,Joseph,Robinson,joseph28@gmail.com,false,true,2020-07-29 09:01:37
133,pbkdf2_sha256$1000000$zRWYVtR0aNd7ffeLUacM9k$TLw8PQtxLEv2iazUlbbERDHZiplVIp92ODqpuHutybM=,2022-12-25 14:10:34,false,user_103,Donna,Brown,donna.brown@yahoo.com,false,true,2020-01-23 03:10:16
134,pbkdf2_sha256$1000000$3SKFxs0bUSJ8FbtQDVOKVP$R9VBYcLBf1AEpb4Igao6hKLG4NyXHwGutNrgU+jK3Gc=,2021-07-12 15:01:30,false,user_104,Christopher,Williams,christopherwilliams@outlook.com,false,true,2021-04-22 03:46:42
135,pbkdf2_sha256$1000000$AyvCvrqnMYDzQO19V3QLld$h/X8jZbUbcSb+T2y/dkF3ReWEjoqI7nXTTNB69x0i3E=,2022-11-23 15:18:00,false,user_105,Stephanie,Johnson,sjohnson@outlook.com,false,true,2021-10-29 09:41:15
136,pbkdf2_sha256$1000000$ea29W78GOclbUT3gO7VhIb$xvxt7MxkV20OYWKIKQm9CZ3VMy0bnPo10ZXjknnu59E=,2023-08-05 13:25:25,false,user_106,Dorothy,Baker,dorothy.baker@hotmail.com,false,true,2023-04-18 18:23:14
137,pbkdf2_sha256$1000000$weeZNLFL3rSaymAphqaGap$ef6COcsxp8WYTWHyYjWsd68oeIlHDScOpPjL5ucPzRY=,2023-02-15 04:23:08,false,user_107,Scott,Thomas,scottthomas@hotmail.com,false,true,2021-03-17 08:14:02
138,pbkdf2_sha256$1000000$lyijmyJRCudOiEZzj7ezQC$iOqM8c5Yp+i8LshhoFGiGRwfKIFP9X8Th95tIaknCt4=,2021-11-22 18:56:43,false,user_108,Thomas,Davis,thomas.davis@hotmail.com,false,true,2020-05-02 16:12:19
139,pbkdf2_sha256$1000000$TABzHXIjLdBXvmkXPpoZgR$Rtym54QcldjQi6JWGMHQ6kCpuLMbsmTGNhQEQzmByIQ=,2023-01-21 12:24:52,false,user_109,Jason,Davis,jason.davis@yahoo.com,false,true,2021-09-11 09:16:25
140,pbkdf2_sha256$1000000$GUzT0hPbOQQbnn8tKqMDfV$vS7AVdcgZLYd/lVizr/+ANKQHQWkFk7R1FS6++O8iYs=,2021-07-22 17:37:23,false,user_110,Kimberly,Sanchez,ksanchez@yahoo.com,false,true,2021-01-29 02:57:08
141,pbkdf2_sha256$1000000$dz0D5xX3R22lBlvJFC1E6t$jwIoGYYoQPfnmEmLMrMN6pCxVU8GnYLBYdxG6J5SFGQ=,2023-07-18 07:26:48,false,user_111,Helen,Ramirez,hramirez@outlook.com,false,true,2021-03-01 06:38:25
142,pbkdf2_sha256$1000000$FLIcb0FbgmClNdjiHAp2Z0$xAuZJNR8/xuWzoXUqOqNlMnewc6N/B/9jx7IPwkcgCo=,2022-05-12 23:18:53,false,user_112,Linda,Nguyen,linda.nguyen@hotmail.com,false,true,2022-09-24 22:40:12
143,pbkdf2_sha256$1000000$quciMWnGVPFh3ippwNHrmw$i6Su9JZmAEfhPRKLyPI/2xjnfQgY4DSighqXzsvbb4Y=,2022-02-03 16:02:12,false,user_113,Emily,King,eking@gmail.com,false,true,2022-05-28 11:17:54
144,pbkdf2_sha256$1000000$5DY9H3KdttRqOHB3hCvPiE$plIVa/DbXKyLnVu46cLrRQdlXmur/Obo9c+HZvgoV6s=,2021-06-20 14:36:56,false,user_114,Ronald,Williams,rwilliams@outlook.com,false,true,2021-04-14 14:58:25
145,pbkdf2_sha256$1000000$z5dxWfnWJBp0tPCq02VQIj$1RxXUWTnk86GYG0bEKhFU3WgLN1/07gMRlMuVs3VwIc=,2022-06-21 17:02:21,false,user_115,Amanda,Martin,amanda17@outlook.com,false,true,2023-01-10 23:02:31
146,pbkdf2_sha256$1000000$0MvpVtpd6Ostux9zHj6WVi$GYb1JmbvAp6RDk7chsdGiL86ggjBX2S+Zm3aFNV/MlA=,2020-12-04 01:54:19,false,user_116,Brandon,Lee,brandonlee@yahoo.com,false,true,2020-02-23 20:21:25
147,pbkdf2_sha256$1000000$0T8GJNA07iaVv8vO0BV8lv$3U0SvGzi7Q4xupPzKCfeLrtdrJYBb8T20a+WIUI6MQY=,2021-04-23 16:54:08,false,user_117,Sarah,Ramirez,sarahramirez@hotmail.com,false,true,2020-08-25 04:59:44
148,pbkdf2_sha256$1000000$esBT2afLGiwVwTf3LTvjsk$0Qcb2YhrXpLo0z+REQAv1L80Dt8z5QI/pZ1w/Oizm5w=,2021-10-22 02:51:34,false,user_118,Kenneth,Wright,kwright@gmail.com,false,true,2020-03-19 03:45:21
149,pbkdf2_sha256$1000000$0QutM5njULqiuE3VhPCBbo$RNCobMDAZQ5asz1B0GdmYch8qjOxb+kNKzFwbZsoAIs=,2022-07-13 02:12:20,false,user_119,Joseph,Williams,joseph.williams@outlook.com,false,true,2020-09-04 13:40:27
150,pbkdf2_sha256$1000000$zy2cEXMMEXaj7aBKTfXpIn$BBN+FvseYeyrD2h1b3iKT1lVNoVOlk6uLkef/fAM10U=,2020-03-17 06:55:22,false,user_120,Scott,Wright,scott79@hotmail.com,false,true,2022-07-02 16:57:01
151,pbkdf2_sha256$1000000$QXMa4BGNY610Tr2SRZ2Rd3$sSVQ491epbWvgufwYz3ciqDxCdwbo05yYFxfWHu8Glc=,2023-09-11 11:46:19,false,user_121,Shirley,Johnson,shirley1@yahoo.com,false,true,2022-04-25 07:00:38
152,pbkdf2_sha256$1000000$zoLTesrVxSWzZpYrnyVDAH$QvPO9UXFyUYGjrV1gfVF3FdQwZJc0VKD0oTQEZFAv58=,2020-06-08 10:34:55,false,user_122,William,Williams,williamwilliams@hotmail.com,false,true,2020-08-31 05:04:51
153,pbkdf2_sha256$1000000$Fhlb2T2GqXoLrXKZnQ3vcH$TOlG7yzzVEZlxHD5ZVP+CSF+bbKR/GQMoyR00tmyOgU=,2020-06-29 04:44:24,false,user_123,Margaret,Miller,margaretmiller@gmail.com,false,true,2020-01-29 03:32:51
154,pbkdf2_sha256$1000000$gU41x97taIUGRWjfUVueYP$aB2l1DOw0+0HZrSRUIUjOQQGORgSZIhXGlikNO70wbw=,2020-02-13 14:39:48,false,user_124,Pamela,Adams,pamelaadams@hotmail.com,false,true,2020-10-23 09:58:00
155,pbkdf2_sha256$1000000$QIdAe8h4kAOR3sDJIsWZ8T$e6tF9RtfDCtZoTiRFxQvEW7Q6MVpvdT+2ab1YlydNBE=,2021-06-27 02:10:25,false,user_125,James,Rodriguez,james10@yahoo.com,false,true,2020-01-17 15:21:19
156,pbkdf2_sha256$1000000$rxNHYBZQ17XuvJeL4PxrBn$X9kYJ9jqKFtnj6w0DQoTvk+lWZF2z7xajA+XnmSW+VQ=,2021-08-03 23:14:06,false,user_126,Samantha,Flores,samantha72@yahoo.com,false,true,2022-07-13 06:53:55
157,pbkdf2_sha256$1000000$yFXeHuuauScAeuIJtsW9B7$9mpYmaqbQejnWZb4iUhlSATQVE90F1ADsXODK6C1g6Q=,2022-06-16 00:33:29,false,user_127,Jacob,Ramirez,jacob54@outlook.com,false,true,2022-12-16 05:45:21
158,pbkdf2_sha256$1000000$TqktcnH67s38Znr61z6Enw$WPQRs2JtLv6IjG7a9yfhn56QxzFg3OYRv3AR7ZyTq8Q=,2023-04-27 15:07:39,false,user_128,Pamela,Perez,pamela24@yahoo.com,false,true,2021-05-14 01:10:55
159,pbkdf2_sha256$1000000$UwCg48bJ5Rg2B90q3HGOVp$UAo+m8p8dSkBRMsfYE4dGBhYe3y2Zn7cyT7gofP9Z+o=,2020-08-08 20:15:55,false,user_129,Larry,Miller,lmiller@hotmail.com,false,true,2020-06-11 19:34:09
160,pbkdf2_sha256$1000000$D0YWKkDCFFhbnVOfxqc98U$6hAPULIzPDERFXPpp/5VD+G8YXNQ2oR0RSQUq/Lp/Os=,2023-10-19 00:25:47,false,user_130,Dorothy,Allen,dorothy.allen@hotmail.com,false,true,2021-11-08 02:55:46
161,pbkdf2_sha256$1000000$YlTYLY9fgtZu1qmtfuSWnn$AIbjuDRZ6R4VKeSZW6iCh1EJU4HiO+bB+rLAaaK7Nwg=,2020-05-12 05:04:26,false,user_131,Steven,Adams,steven69@outlook.com,false,true,2021-04-28 04:24:36
162,pbkdf2_sha256$1000000$IJZEOXuu10sIhh2dOHEOxz$vi4AMiffee24iEHGa/8EyS8ayJWHwxsRoDmdN6Gl1So=,2020-02-25 07:09:03,false,user_132,George,Thompson,george86@hotmail.com,false,true,2023-04-06 11:21:24
163,pbkdf2_sha256$1000000$3dodlmDtWrpihYrn5mXuSN$OISUpl29dn8MfOvE1vPZvap7RwjxpcobdpiqeuCPByg=,2022-01-27 23:30:55,false,user_133,John,Campbell,johncampbell@yahoo.com,false,true,2021-04-09 11:30:58
164,pbkdf2_sha256$1000000$7BBPeQgWe60d0VAmpFeAhb$PB+8gvSuqxTYoEmZbQP3SirDIkS/yaVeBPs3Yx2BCBY=,2021-11-21 20:00:10,false,user_134,Susan,Wilson,susan58@hotmail.com,false,true,2022-04-26 12:08:53
165,pbkdf2_sha256$1000000$5mF3AHltkq2vW8nh7NzZFq$q3oaojWxnR46OehiV1xAnipxDWTXKy0hUZJ/QXcHWhE=,2023-09-18 00:00:31,false,user_135,Cynthia,Anderson,cynthiaanderson@gmail.com,false,true,2022-10-17 18:44:31
166,pbkdf2_sha256$1000000$07wWSdQJ6uk6ybxoBHL5UC$LgbIB3MqppTWvFypGu6B4tQFTdu71DCy9h24fK09/Ds=,2023-03-14 09:05:30,false,user_136,Angela,Jackson,angelajackson@yahoo.com,false,true,2020-03-04 11:03:21
167,pbkdf2_sha256$1000000$XS0iQ85ehQ5fjBbsDp5Fvq$KrdzNeTJic+ViALuGvH73M2x91Jer7j40tSPAkb2oDI=,2022-12-11 05:16:30,false,user_137,Joseph,Rivera,jrivera@yahoo.com,false,true,2022-04-16 10:31:07
168,pbkdf2_sha256$1000000$dr2qXAAgPzp65K4wHombZs$bfBBCYPj4RD4oiv0GZWLdw/e4b7sweYsWD4wfI/6f5s=,2021-11-08 04:06:00,false,user_138,Jennifer,Rivera,jenniferrivera@gmail.com,false,true,2021-10-12 05:07:24
169,pbkdf2_sha256$1000000$hc7PHz9CIANJP3WiDQqJ2I$C3aI35rNiBsoAIaKhiQw3i91CNKbGt+yaRHU8O1c3dc=,2021-10-13 21:53:52,false,user_139,Edward,Sanchez,edward68@outlook.com,false,true,2020-09-18 05:10:37
170,pbkdf2_sha256$1000000$3E0KXZaUIhip0jWP4k7iIG$Tgsxz18m8YcpNakYc3K+GyB/jt1IQW6rdceCSYXPXLc=,2023-07-23 10:42:34,false,user_140,Nicholas,Adams,nicholas85@gmail.com,false,true,2023-09-01 05:06:34
171,pbkdf2_sha256$1000000$jaEANg3qgfH20MGgFMaT46$tt2w+vwbWgoTK0EFndmP3brxJXIuJ2Bn/oT5Zn6fJc0=,2021-11-18 22:17:35,false,user_141,Laura,Garcia,lgarcia@yahoo.com,false,true,2023-05-04 05:23:45
172,pbkdf2_sha256$1000000$qV443RfuPuLjVe5ymSHtyi$AKjMI+ldlW5hu/zEONHH+BpQqUd4hlWwn6Ue3Xau8iM=,2021-04-22 20:07:24,false,user_142,Kathleen,Young,kyoung@hotmail.com,false,true,2021-08-03 12:06:55
173,pbkdf2_sha256$1000000$3LVhx5cFhWBr8Cl7RxiQLP$9yZA76kZHkT7nhmBCCGjfswxpJTTlIik7cXZKvu++7Q=,2021-06-05 12:08:38,false,user_143,Justin,Sanchez,justin62@hotmail.com,false,true,2020-04-01 22:37:42
174,pbkdf2_sha256$1000000$zkccLcVrML656ovLQAj0fW$PotmberfmTvJ+GTt3kHBHS3ETY2fdoD+AhhLKZgBx7M=,2021-12-17 08:21:24,false,user_144,Ronald,Mitchell,rmitchell@gmail.com,false,true,2023-09-09 18:24:04
175,pbkdf2_sha256$1000000$NYrzVnkbtmKkX2Z6qJGOAn$iv3uZ8zVLazdYVH7NtLSHBSKpezEyFZdLvzGKjGf0x8=,2021-11-19 05:12:00,false,user_145,Samantha,Williams,samantha.williams@gmail.com,false,true,2022-09-27 23:04:54
176,pbkdf2_sha256$1000000$u9RKtP6QVlQqlbCcL5jqrV$KDKeCbvSy2ltRF/BHn9POPHBPW5nxFJERXomj/OTomA=,2021-07-23 17:01:38,false,user_146,Larry,Johnson,larry43@hotmail.com,false,true,2022-05-20 15:36:37
177,pbkdf2_sha256$1000000$mF3vBwmL3ThN0iymG6JoyS$0reQeMoUNMC9/EiMF+tw/rf9rFoYTLTPRFEtyHENtmo=,2021-11-27 20:57:30,false,user_147,Jeffrey,Thompson,jeffrey81@gmail.com,false,true,2022-01-13 23:59:08
178,pbkdf2_sha256$1000000$3tn0uJhKmf01rgoYZFWTFH$0wx3pX18k/T8e9aW2sLtntas3KRcchKANc/lr6bNNK8=,2023-08-18 00:39:01,false,user_148,Paul,Smith,paulsmith@outlook.com,false,true,2021-05-17 00:21:19
179,pbkdf2_sha256$1000000$LMc3yA2OR9X3rYzkhVvnHC$bOUQiIl9xc9QQQAG8lAnzgsr+Y50Foyyv5nNvQDTiHc=,2023-09-20 15:36:46,false,user_149,Thomas,Garcia,tgarcia@hotmail.com,false,true,2020-03-17 12:46:48
180,pbkdf2_sha256$1000000$Ykcmgc6bPx1cC9byE3Stxk$/LQ2gRRh1qZ3qZACqc/ddgAuvZ1C/95Mp69nzTFK6sk=,2021-12-29 13:39:12,false,user_150,Emily,Garcia,emily.garcia@gmail.com,false,true,2020-04-05 08:19:11
181,pbkdf2_sha256$1000000$iEB3wA5w8d0lnflfvbr67v$Er5adoAR1J3LZjhSNcOBsN/jh+AjDzHj6qyDCb2zQ5U=,2020-05-26 21:59:41,false,user_151,Donald,Johnson,djohnson@yahoo.com,false,true,2020-03-05 20:01:00
182,pbkdf2_sha256$1000000$JuGRafMs21ffnVFhVXgbvJ$Ff+iSWK6VoYSCZBCqO49WuT2QFKTv0GtFIkvrayIQOc=,2022-01-20 13:36:43,false,user_152,Larry,Moore,larry.moore@gmail.com,false,true,2020-03-07 22:17:12
183,pbkdf2_sha256$1000000$ZCtZ0FRhEqEvMUJsRQarHa$r0/k7UE9Vyi3RdZ321/na+hZDV3hUCaYNuCuwxzqv3A=,2020-01-03 23:26:40,false,user_153,Linda,Perez,linda18@hotmail.com,false,true,2020-09-07 00:29:51
184,pbkdf2_sha256$1000000$BgUO58uR9gaIMXsouDnujE$ztP7ziFs4hIj3FtXBrfLKWpHRPg/74QlerFbNqQ2c2k=,2022-06-20 02:30:43,false,user_154,Cynthia,Harris,cynthia.harris@gmail.com,false,true,2021-04-10 15:42:10
185,pbkdf2_sha256$1000000$PA9zwSbjAOjHdLd05qL3fC$/l5oWKZ/0okwAjHLIjD2UFUKFSPsNNy+BeTjsv33ZnI=,2023-05-22 12:04:23,false,user_155,Steven,Martinez,stevenmartinez@outlook.com,false,true,2020-09-26 21:28:59
186,pbkdf2_sha256$1000000$w2m9pLT320XOvtxtVFxOxG$1XwNkQS4JLosVb3pgav6YW7jkLXu2/Qqcfk5G2MfZVo=,2023-07-05 10:26:48,false,user_156,Patricia,Harris,patriciaharris@outlook.com,false,true,2020-05-13 07:52:21
187,pbkdf2_sha256$1000000$QfNB1ti4xB9Ta5geXXq9d1$Dyd3OPJw2eQSnjPtBvm+JWDMI7ZvW22vbeCVInw2XgE=,2023-05-19 09:18:51,false,user_157,Lisa,Harris,lisa9@yahoo.com,false,true,2022-06-28 06:31:10
188,pbkdf2_sha256$1000000$4irJQm0P3oQ2T6QGfApMxC$0l4Z0GCUnACmmxaMl1qdqbOipE6Zis8zog+7gflh4Js=,2022-02-27 18:03:35,false,user_158,Kevin,Johnson,kevin.johnson@hotmail.com,false,true,2023-07-31 04:43:39
189,pbkdf2_sha256$1000000$nVGHdkWmZjxzDKvL4upf1V$u6CC3HozylQA3lD+6raBw/32Q5lt2IiZXlejsf+lYbE=,2021-06-30 09:48:16,false,user_159,William,White,william.white@hotmail.com,false,true,2021-12-01 20:39:32
190,pbkdf2_sha256$1000000$OWYzJysMgKZGkQNxN7rmxa$WE5f7Lc+732YlG2H1yjW2viujjS9OLSLFHztrBujvIM=,2023-01-16 01:12:39,false,user_160,Joseph,Davis,jdavis@yahoo.com,false,true,2022-11-08 04:35:17
191,pbkdf2_sha256$1000000$2fmlIaVDimDX5me194e7Vh$l8smX9E4C+N0LIAyvsVfwqU8Cuz8LDP9KrXWy4y6Ews=,2022-09-02 00:07:53,false,user_161,Thomas,Smith,thomas.smith@hotmail.com,false,true,2023-03-24 07:00:25
192,pbkdf2_sha256$1000000$H3K2JwQy5ozqWwUDycBB3j$n+YfToqxuQW5toDscbT1HbsX1R9bsY776KxxYNamY4k=,2021-04-03 01:08:21,false,user_162,Deborah,Ramirez,deborahramirez@yahoo.com,false,true,2021-11-18 06:12:33
193,pbkdf2_sha256$1000000$6nTdxbO2e2I8bKU3gvwmJa$C9PZBqBGBoFOkmp+oqLpQYOVajmaE3++3mBV6lXAeSQ=,2023-03-31 00:49:30,false,user_163,Deborah,Lopez,dlopez@yahoo.com,false,true,2021-10-15 13:11:07
194,pbkdf2_sha256$1000000$yJA81bBTPlFXShxBhHMKVT$3JG5WNBZeuamrknLXGaaKQzTZOIfERhkosF1f1pxXCE=,2022-09-02 16:23:52,false,user_164,Christopher,Clark,christopher.clark@hotmail.com,false,true,2022-11-29 19:38:59
195,pbkdf2_sha256$1000000$zNuRJHJ06laA9LapGVelis$wd4ByOhhotN4eEPLXGnhQcyQrRXZmQsFbdteVtMlc48=,2020-07-10 20:24:39,false,user_165,Ashley,Torres,ashleytorres@hotmail.com,false,true,2022-04-10 19:58:44
196,pbkdf2_sha256$1000000$WfZouXbV9zJEw5u9ffWskK$3FuIErTkDeqo15/L2ciHUSm+U8nfykCO1diZ/tzhREE=,2022-06-03 10:04:19,false,user_166,Donald,Ramirez,donaldramirez@gmail.com,false,true,2021-12-02 05:54:42
197,pbkdf2_sha256$1000000$UGo3o9DsJxq39HFhlcjEnI$svpZmRL8+L7ljoWCE/QuJSIdWBEJsd76AtcncSy0JWM=,2023-03-22 15:41:14,false,user_167,Michelle,Nelson,michelle.nelson@hotmail.com,false,true,2020-08-14 03:42:42
198,pbkdf2_sha256$1000000$lTgR2FBgAeKbk2tTweWm99$JRWadZlDJKGscuaUBiUSV+gjOhOaP0Qu6kDxAkGKT90=,2020-07-01 07:53:46,false,user_168,Thomas,Nelson,thomasnelson@outlook.com,false,true,2020-06-19 20:13:13
199,pbkdf2_sha256$1000000$5uIDTVdgmAqbARwkg0zuY1$s7iheQzkYaWod2+DtAZ/EeJ+wBUm6hsQ+rN2jGgVLjI=,2021-05-22 17:23:52,false,user_169,Sarah,Lopez,sarahlopez@yahoo.com,false,true,2022-05-08 16:21:33
200,pbkdf2_sha256$1000000$l7iHXseLHaR0ymgDAEshX4$o0yh5qMjH9jSA855DF266DL+bQStGo7fGlwE9wXRC8Q=,2021-08-18 05:26:14,false,user_170,Charles,Gonzalez,cgonzalez@yahoo.com,false,true,2021-08-20 08:24:28
201,pbkdf2_sha256$1000000$7tMRiVPKDRI01FA6PTItU2$6KbK28iXjfGcGq5WXoyJnoZXzu/d80REfPYxfgAQRus=,2023-03-06 10:14:12,false,user_171,Laura,Flores,laura28@gmail.com,false,true,2021-07-07 17:49:15
202,pbkdf2_sha256$1000000$egejm3NVC0LKHc9js8DMhO$IiqtwVqNKXYuMLoYP75hc70jDvH+3KOtpMgn1p1eupc=,2020-03-30 09:49:07,false,user_172,Jessica,Anderson,janderson@yahoo.com,false,true,2021-08-20 11:22:36
203,pbkdf2_sha256$1000000$V7kiSvn8oZiRehUY4jnInx$HSQ3G3BOwWKbJW6Zxm1iUt2fZWt5ywCrxVd92OifyKI=,2022-03-09 03:17:05,false,user_173,Barbara,Perez,barbaraperez@gmail.com,false,true,2023-08-08 11:03:24
204,pbkdf2_sha256$1000000$nSazsqTz9dCu0dQwm5Tt96$Tc7XtciM78bVF5E0qIcAQ/SxVLGzMwElYLQu+RsxXxk=,2021-06-01 13:29:48,false,user_174,Sandra,Roberts,sroberts@hotmail.com,false,true,2022-07-14 17:33:11
205,pbkdf2_sha256$1000000$ucqx8HAHKxGuBaxzp55VD5$2HzYPAAu79dDHbcaXNRQSv8hYXsUdo40MuH+9w2SfvQ=,2023-05-17 22:27:11,false,user_175,Sharon,White,sharonwhite@gmail.com,false,true,2020-06-27 07:43:26
206,pbkdf2_sha256$1000000$hsoIEQ6H5iOE8ZmFT4GZir$kIlrPaovSxFkZ6Lr63eoZRLBLUqX6nJF081MrmUXAfE=,2022-09-28 12:26:57,false,user_176,Thomas,Hall,thomas94@yahoo.com,false,true,2023-07-12 02:55:58
207,pbkdf2_sha256$1000000$XxqVD0mgN9o8aOaaFGhtms$DHh1Tm21ZxSILorZsPcFsVhqQpMT8gCpNZgIeMEsnj0=,2020-05-20 20:46:25,false,user_177,Paul,Williams,pwilliams@hotmail.com,false,true,2023-02-15 20:21:38
208,pbkdf2_sha256$1000000$Xz3bQBMP42s4PQmiCXDAfy$NS9cMyUUgay57kitHw2SIZdRpVz8YOlB2lBlsrRNSmg=,2023-03-18 13:14:55,false,user_178,Richard,Allen,richardallen@hotmail.com,false,true,2023-11-08 21:41:46
209,pbkdf2_sha256$1000000$3fXqNMDF2cTYiEnAvZeupK$aqKmi49PqDhGhS6ohSlFwjext1Xq2Dhjx+Qg0ylg3c0=,2023-01-12 22:58:03,false,user_179,John,Ramirez,john47@yahoo.com,false,true,2021-02-11 10:27:22
210,pbkdf2_sha256$1000000$ZwUJWT2CllmFBazlHgfnYt$ETbNVS3phcECwf15Q845g5crtuDp+uSGS+LyyBm4cdE=,2023-11-09 06:59:30,false,user_180,Margaret,Rodriguez,margaretrodriguez@hotmail.com,false,true,2020-11-16 02:59:38
211,pbkdf2_sha256$1000000$88H9EvzZRXK42bl9fCAe9v$SXDYYtkVbJR+Kz6nKphAauCzd3uxq1rxwV0hDinE6Yw=,2022-04-01 01:02:47,false,user_181,Paul,Miller,paul.miller@outlook.com,false,true,2022-08-19 05:04:27
212,pbkdf2_sha256$1000000$lzu7NtDkfc2v2trtpedyDl$sNUeUruOxliaRcuC69vRYefhHwRj8IWSrXPYlUIamio=,2023-06-20 10:30:55,false,user_182,Andrew,Green,andrewgreen@gmail.com,false,true,2023-12-04 21:30:48
213,pbkdf2_sha256$1000000$dPOdXLhpWglhbtjXkFXDQJ$QwvAaIU6hGeVINBUlKoyl/yxE5v8sDMhkn9yPsK9aJY=,2022-10-16 20:23:49,false,user_183,David,Garcia,david92@gmail.com,false,true,2020-07-24 05:43:57
214,pbkdf2_sha256$1000000$Kjr5Qy7pj1bv2xu7aoid9Z$3tUJuCJRe0oo3nyhcyaTJ6JuGcP3SlQjd0a905R/MCY=,2023-07-02 11:36:05,false,user_184,Kenneth,Anderson,kennethanderson@outlook.com,false,true,2022-11-15 20:19:28
215,pbkdf2_sha256$1000000$5KwFkslQHaqA55cOMwwRcc$YF1G49FX6iZBxy20pQamcFD1ZTFDEHgTsNlPGib8gQU=,2021-12-27 11:02:53,false,user_185,Sharon,Sanchez,sharon92@hotmail.com,false,true,2021-06-22 10:58:25
216,pbkdf2_sha256$1000000$DCkd3HToOPI9fHwDaH1MkD$akQyl8A/JiMIZhQLntYr2D0buvX80mJD+oFilfsw3SA=,2023-12-31 05:13:15,false,user_186,Nancy,Ramirez,nramirez@outlook.com,false,true,2020-03-18 22:44:19
217,pbkdf2_sha256$1000000$MJcZpR0hMfDgZdOKqrRH3R$3NoyIQ4ohO5WkurSh6cTbTMpM3CVmAnlz6joG/tCe4Q=,2020-04-16 15:17:23,false,user_187,Nicole,Jackson,nicolejackson@hotmail.com,false,true,2020-09-14 06:35:52
218,pbkdf2_sha256$1000000$vuD2w1VjWzehmzHzIzr0eN$QMY0PlXc/dETGVIa3AKBcT0SWqKn6VKxBvn+gXxNtE0=,2020-05-09 10:45:16,false,user_188,Christopher,Perez,christopher50@hotmail.com,false,true,2022-07-10 05:17:19
219,pbkdf2_sha256$1000000$svzGAJ0uODPhpQ8GSdwSbB$NskKRWpb8TH1I7DVIhqZ56EDcWQ9Yy3GLNOqTHRQzjs=,2022-01-28 03:43:52,false,user_189,Samantha,Moore,samantha.moore@hotmail.com,false,true,2020-03-21 20:08:32
220,pbkdf2_sha256$1000000$hFY06pX9YlfCzqWN6limRz$R9QnllDODKjcbyrugq8+B5EX+7qDAMe1vF8z0uoGQKk=,2022-02-25 09:56:17,false,user_190,Anna,Taylor,anna87@gmail.com,false,true,2022-05-11 21:32:08
221,pbkdf2_sha256$1000000$GZV1yVqokflflgS6BS29ju$UXKrFQo45AYg5I0NU8XZqT/QTm1yUj5+viWOF+tw7Lk=,2021-01-26 17:37:27,false,user_191,Susan,Martin,smartin@outlook.com,false,true,2022-02-13 07:19:45
222,pbkdf2_sha256$1000000$aY5URQo0fwAJPNg2G9bOHX$K8G1g970Xfu+HPrPLhYYpPJchJo5DGqQBNBbr2pReco=,2022-11-08 13:34:56,false,user_192,John,Miller,john57@yahoo.com,false,true,2021-08-06 19:04:45
223,pbkdf2_sha256$1000000$WUb7Va5gC2YGzBbpIJf1TF$SvdkFEUrPyq/Loh/D6i/e6lw8+VRKMVGCxyV3vrg/K0=,2021-06-19 14:55:40,false,user_193,Jacob,Hall,jacobhall@outlook.com,false,true,2023-08-20 13:34:33
224,pbkdf2_sha256$1000000$e1ON3AJTs0M25seuztCkbc$3UVP6t5TD5mwX5Q9vnXCfav4MUvBXeQuPyOJc5K/UEY=,2022-02-13 00:50:53,false,user_194,Sandra,Johnson,sjohnson@hotmail.com,false,true,2020-09-14 15:14:41
225,pbkdf2_sha256$1000000$WK5RqSAbZ7HLWMWRvAuWAH$wJAM9N07kkQIgjC3GMwH0v5EEL+Qyda5EyE9evx9T+8=,2021-05-31 04:28:43,false,user_195,Matthew,Hill,matthew48@outlook.com,false,true,2021-02-23 17:42:10
226,pbkdf2_sha256$1000000$36zwa4C9zaY2rSppgglESW$uz6MJq5wXWBSfysSKqXmOUHt7oPYDRWKN+YwErMGKrY=,2022-02-12 21:18:04,false,user_196,Melissa,Torres,mtorres@yahoo.com,false,true,2023-06-03 00:30:31
227,pbkdf2_sha256$1000000$cMq0V40LpcoTILBtizgrn0$rb6qjx85R1yIP8RFN9GcS1Ve1LYWI9GcdozHkXd4TjE=,2020-06-29 01:56:40,false,user_197,Sandra,Rodriguez,sandra72@gmail.com,false,true,2022-04-22 14:00:49
228,pbkdf2_sha256$1000000$lhTe6lN7S8i0arCQt3CsVi$aMxsC5/Y+EXYMaDiYUapnDUgA1VSCslUJmxUT5Fnjyk=,2023-04-08 16:29:22,false,user_198,Joseph,King,joseph.king@gmail.com,false,true,2020-08-06 03:29:44
229,pbkdf2_sha256$1000000$AmUGQVL5GfmDfRKD1vrlKF$IWyJGK5Mhyy51iX30AHbNCGw1e69VM0wcvc/zh+hQ7M=,2022-07-28 13:36:42,false,user_199,Mary,Garcia,mary5@yahoo.com,false,true,2021-05-13 10:40:21
230,pbkdf2_sha256$1000000$GCK1KAoueLpJSdsavzXtoW$mrsIIZqbPo/A1dJK9uM6RYpXnL3wfyAyGSRre58HrPw=,2022-07-15 09:32:37,false,user_200,Linda,Hill,linda97@yahoo.com,false,true,2021-09-24 06:01:21
231,pbkdf2_sha256$1000000$Nf6ulGC1rx0kpK0smOBROR$HS9HIRaJFSWamyN30/jxxfRg0L1vrOIDcVFickkeA0U=,2022-08-15 08:56:37,false,user_201,Edward,Torres,edward.torres@yahoo.com,false,true,2022-03-16 21:07:34
232,pbkdf2_sha256$1000000$Z3YYy3AGoXYBbAlMAE1lok$ydIa1Iqj06z3UB0ggNqtFdxwjMIBUDvr89fObmxKOhk=,2023-11-30 10:51:27,false,user_202,Mary,Thomas,mthomas@hotmail.com,false,true,2020-03-10 07:58:57
233,pbkdf2_sha256$1000000$abIOnRFraRJJNxOkFBPVsx$cP0dxprNTA8V9fV8hwZfK03C81sEc1xCov1royLp/Ow=,2022-10-27 15:26:46,false,user_203,Scott,Rivera,scott20@gmail.com,false,true,2020-12-23 04:00:26
234,pbkdf2_sha256$1000000$ResMqgW830QbFSUIn9KRUj$OVk5NuDx9scXuQx+VsooALvt+V8hm2G8/7mtBBkwg8A=,2023-06-12 09:21:36,false,user_204,Steven,Thomas,steventhomas@gmail.com,false,true,2021-08-26 05:50:13
235,pbkdf2_sha256$1000000$pX8KLcANBl9og0X9E0Uc02$eUc4MBHMkYO4pYgnuzxP1oYf4KlXFmaxVT6z2fhAlQM=,2020-09-11 04:06:51,false,user_205,Thomas,Hall,thomas.hall@outlook.com,false,true,2022-03-06 13:04:29
236,pbkdf2_sha256$1000000$i4qIgK3NchFClpyDZ0zWjw$mvUky8/OtXkYby8hdbE0TJHL4IxO677S9UfXW8IAc64=,2023-07-20 21:19:03,false,user_206,Elizabeth,Flores,eflores@yahoo.com,false,true,2021-11-22 11:17:36
237,pbkdf2_sha256$1000000$rRUX5hjxpfHgwztom8dQpA$oU511rg8UUCOT+qlmLrym851euET75Zmg9kEw9tb6ZQ=,2020-10-10 21:15:50,false,user_207,Michelle,Carter,michelle.carter@gmail.com,false,true,2023-05-19 00:14:38
238,pbkdf2_sha256$1000000$iBezVu4sEJE9BkHKkyh7dC$lKYiNi1I8hFHIdlyRpKZC5aEHJA8FLoHreVJ3N6VT/M=,2022-08-23 09:41:39,false,user_208,Sarah,Lopez,slopez@gmail.com,false,true,2022-07-25 18:26:00
239,pbkdf2_sha256$1000000$Yz7AYSMQj6SEStj4985sTI$ICzBJLhXZYBMrMAQL/MhFnOqXDruVuYLfl+qQqPEKnc=,2023-11-27 11:38:04,false,user_209,David,Adams,dadams@yahoo.com,false,true,2020-02-22 22:56:36
240,pbkdf2_sha256$1000000$UhgxnRGTzWk6nDOa97W1q2$90nS5kDb900Jea/WkesdJpiN+Czx4+Kf6175U6hH9t0=,2020-07-23 00:58:52,false,user_210,Andrew,Green,andrew71@outlook.com,false,true,2020-02-20 15:44:35
241,pbkdf2_sha256$1000000$mDV9e7C1yVNp968W3bRerf$1AGn8oJkCiVKdNow5EFijg9/FAdZY1Pz6elZhrxQY0w=,2021-01-20 10:35:01,false,user_211,Brian,Lopez,brianlopez@outlook.com,false,true,2022-09-15 12:09:36
242,pbkdf2_sha256$1000000$EulFrMG7ALOE0dUXSwPByD$GVTVw97Q/9Ts8A69I+5V3mCHE8yycWMsGifqgi7E9s4=,2021-08-29 02:10:13,false,user_212,Ronald,Campbell,ronaldcampbell@hotmail.com,false,true,2020-07-07 20:52:02
243,pbkdf2_sha256$1000000$isNnP0I130OAPC67hKwrFT$F7pQNJptl2RltaCJaIUHgl+e+YCZQSADO0ZgM58zVQM=,2022-09-15 10:10:43,false,user_213,Charles,Nelson,cnelson@hotmail.com,false,true,2023-03-29 08:55:56
244,pbkdf2_sha256$1000000$gvAWmtRljJ7Jbt2gcpfZE3$s9ixvOwQOBzmcdxEdX4pRZ0YYoD50HfvR0XgJI+or00=,2022-05-02 15:19:16,false,user_214,Steven,Taylor,steven89@gmail.com,false,true,2021-10-23 07:46:55
245,pbkdf2_sha256$1000000$IksS5rcLtaEaRUzj8gluZo$WKZKCoGwpSYYPSXvSEG6rS059p1iNos6SThIhWt528A=,2023-08-25 05:48:06,false,user_215,Christopher,Jackson,cjackson@yahoo.com,false,true,2020-09-18 21:27:36
246,pbkdf2_sha256$1000000$QPvWXGjIVOjnCpdSZvGFxr$Ri41f8B02HSa1ZhPlZGHa00eZ5eeMpHdInUahrA8oFM=,2021-06-12 21:31:54,false,user_216,Gary,Walker,gary.walker@hotmail.com,false,true,2020-06-28 05:39:32
247,pbkdf2_sha256$1000000$0eqlFKVvmFifHtt0hZdEij$mc6d7wtVNHoP10gH8L5ykDp2XwDmzckZnbzIAoREZh4=,2023-08-17 18:25:24,false,user_217,Andrew,Sanchez,andrew.sanchez@outlook.com,false,true,2020-07-03 08:48:05
248,pbkdf2_sha256$1000000$84481vQ9rjwsF0AL2Cward$Khj7LSoyGsNLZiG4ADosCXFHyR+oP/UxoUpsy5OB6CU=,2021-10-26 05:26:52,false,user_218,Joseph,Williams,jwilliams@gmail.com,false,true,2023-12-04 14:42:34
249,pbkdf2_sha256$1000000$7BvasNfwTtXSFYAFmPGAGI$ab5tBKW/ctt0blpTMb3e6ISUFEC1d/yN8B52RIyTDHc=,2020-09-09 07:29:41,false,user_219,James,Smith,james.smith@gmail.com,false,true,2021-06-18 14:58:42
250,pbkdf2_sha256$1000000$B1ud3MWTPVTQ6KgmFKsJz9$kPg0Bjqkzs2/X1rWDYNG0ddQfYOZDgF5vH+FGTHV/94=,2021-11-05 12:37:12,false,user_220,Justin,Johnson,justin93@hotmail.com,false,true,2020-03-11 02:17:11
251,pbkdf2_sha256$1000000$Cp7AlnhDAUe0PBQOgnVjgT$sO0nT5fce9tXfVY2+C6MlksbCbG3wHp4xYg7EwHln7U=,2023-05-15 18:39:03,false,user_221,Donald,Taylor,donald85@gmail.com,false,true,2021-07-13 07:36:36
252,pbkdf2_sha256$1000000$RQJ8Sw244D0TPzf0pADPMb$2CcXYf6+mgk34z3t0JqVdaYXewnv+xIO0oYdrnI/KVQ=,2020-06-22 21:22:49,false,user_222,Brandon,Rodriguez,brandonrodriguez@outlook.com,false,true,2022-08-10 18:45:58
253,pbkdf2_sha256$1000000$VANfRpzU8F7utXqybpbSbk$tiLf7/6dUtPqiYqaaPzxTt0F9ogzVVP/+hH+gk1ybPI=,2020-09-04 23:43:06,false,user_223,John,Hall,jhall@yahoo.com,false,true,2022-11-26 11:58:35
254,pbkdf2_sha256$1000000$YBfCbNjSZ3UvYvIdpkKfIT$CeLmiYViIBFXenJel1bgbBgUwNbXONwXbq8Qlnx0vGc=,2022-04-02 23:42:51,false,user_224,William,Taylor,williamtaylor@gmail.com,false,true,2022-11-28 12:44:05
255,pbkdf2_sha256$1000000$dpWdsGfNFKKXoEqFCGXvhf$PmH2DrKQ2B3bxUrLpdUecG4+rU4dcAt8IuN3GTGEZ8s=,2020-09-08 06:28:13,false,user_225,James,Johnson,jamesjohnson@gmail.com,false,true,2021-08-24 09:53:28
256,pbkdf2_sha256$1000000$c5Guta6OBpc4ewrYt1f2E1$vKpCkWEsP6TuIUTaalFsNFYkpQaI1xT9vnh0+7cRNDU=,2021-02-28 00:38:44,false,user_226,Matthew,Nelson,mnelson@yahoo.com,false,true,2021-01-10 03:12:44
257,pbkdf2_sha256$1000000$vS66KsPGFLmLZ4XzH1HZzX$dwxfrr5HtZJqafhkKVyoGJKZsKWvoU2ekn3upEQuycU=,2020-03-15 09:38:40,false,user_227,Mary,Carter,mary67@hotmail.com,false,true,2021-12-16 08:29:02
258,pbkdf2_sha256$1000000$0PCkkEjaGxHfI1jVxFEJPw$LqeysHha5MKZBaEojtqzC719Vh8NqWk0Hta1Ku13XCg=,2020-12-06 17:15:44,false,user_228,John,Jones,john.jones@gmail.com,false,true,2023-09-01 11:18:40
259,pbkdf2_sha256$1000000$eMkzUkVA2iws17thXojlQt$SRNbuin1ZBSv3U5m0Sppr+m+cNMW3WyP5aRops/pe4g=,2023-12-05 23:52:22,false,user_229,Scott,King,scott.king@hotmail.com,false,true,2020-09-29 05:34:21
260,pbkdf2_sha256$1000000$ZOjra7xhDqezLvmFPxWv1y$BbMINsB1o+4hnobslWO/Aco8painRyBZugJDQLXknrs=,2023-07-09 09:00:55,false,user_230,Donald,Jones,donald.jones@hotmail.com,false,true,2021-02-23 09:23:15
261,pbkdf2_sha256$1000000$anE7PZZMivMw1Ur6MyDsj5$wefQiDBSouKPaGcfgm+mVnVszv4pTZj6/chXUlzgLK4=,2023-10-25 10:16:29,false,user_231,Barbara,Hill,barbarahill@gmail.com,false,true,2021-05-07 17:59:56
262,pbkdf2_sha256$1000000$kAaAaMiRpgxMLnkEWcawuk$dC2mNbBYIYA1AlqmvuZbTUpm45Qj+ysO5sgXWcKB6M4=,2022-08-12 05:27:12,false,user_232,Elizabeth,Harris,eharris@yahoo.com,false,true,2023-06-07 05:11:10
263,pbkdf2_sha256$1000000$zkB31XsgdmhSTVQhLaSkDY$v1iseLOpk2+eY3fwQrH3eyJU4ZqYjAgQhD4R/+K+hhw=,2020-11-13 19:06:02,false,user_233,Mary,Rodriguez,mary31@hotmail.com,false,true,2023-01-17 04:02:40
264,pbkdf2_sha256$1000000$FKa039KGpTW97BwHI1WXFf$1xJpBx4URr+EeOmbFaMobkSuU9Yu1TYRxdYeQeMdNQE=,2021-06-07 17:08:14,false,user_234,Anthony,Davis,anthony77@outlook.com,false,true,2020-01-28 05:16:46
265,pbkdf2_sha256$1000000$LJCKKdoMPvhSqijft2JrHP$EQbzZ7rqL9C0tpwXy+w7X1KSQmS2jv0mEdVLyRIS7Co=,2021-06-08 08:51:59,false,user_235,Kenneth,Harris,kenneth47@yahoo.com,false,true,2020-04-02 10:59:16
266,pbkdf2_sha256$1000000$76nPOF5WKKOZ4qK8rKqvZU$wcE88g98KIutF80K9dymbWNQhbUuYpaNjQJU/+Mq8kA=,2020-04-19 19:59:26,false,user_236,Stephen,Williams,stephenwilliams@outlook.com,false,true,2023-03-27 15:22:34
267,pbkdf2_sha256$1000000$kjFoGbfrLqoQrEuSq1aG5r$09KbS2BJXOnXby7kuM3el5Fh3EobSgY/qaRRSA3KYSI=,2022-07-17 03:16:33,false,user_237,Amy,Roberts,amy2@outlook.com,false,true,2020-08-26 07:03:48
268,pbkdf2_sha256$1000000$lhGu0RMBvqslsqqqzIF0Uw$601tT/UJ+kVJQMZ4qmSNiltEaoZw8b2E0w4ZDehkXeQ=,2021-01-04 03:05:05,false,user_238,Steven,Nguyen,steven70@gmail.com,false,true,2022-04-23 06:47:22
269,pbkdf2_sha256$1000000$YaHw4WqQmfIcznTILpglav$8KvK1s2FlN8B0CW/RpjdDtPEmq4FQTM7JTTey1BbfBw=,2022-01-21 15:19:21,false,user_239,Daniel,Perez,daniel.perez@yahoo.com,false,true,2021-11-18 10:48:45
270,pbkdf2_sha256$1000000$Eb97yWipBNMFOLpkqzWA1J$/fstwZ2Ut2YOEDk2o6CJtgHDdevb5KE1poVSfsrUdkE=,2020-05-09 00:01:31,false,user_240,Jeffrey,Clark,jeffrey12@hotmail.com,false,true,2021-05-28 22:59:40
271,pbkdf2_sha256$1000000$6RPakxZ0iSVBNiDzHgQkL1$YFE+iEDNZmdE8ymn2EFsVTNIP4nCiQz8y2UZboRsya0=,2022-04-10 20:37:01,false,user_241,Larry,Hernandez,larry84@outlook.com,false,true,2022-12-23 21:09:03
272,pbkdf2_sha256$1000000$Ts3IW6lCIMtUYAOCwQr6Am$CfuUANRQW74GpXsWupydvgx5lujPmtvwNe3URIDOHzQ=,2023-02-16 01:36:41,false,user_242,Joshua,Walker,jwalker@outlook.com,false,true,2020-04-26 07:20:39
273,pbkdf2_sha256$1000000$h2A5MZTeSYZ6IIFzgbMbQL$VIx7g2f1SepHyLCGZgX6NcNVfCYiZ1N9/POvTeFDfuA=,2022-12-15 03:32:21,false,user_243,Shirley,Scott,shirley.scott@hotmail.com,false,true,2021-03-06 23:50:17
274,pbkdf2_sha256$1000000$Aox4Vu354l2OewAPRxUzSJ$aJ16lSMWmtg1sFUypnDDoe/9W450ARoY10fsJ+Q6Vro=,2020-02-18 18:45:03,false,user_244,Rebecca,Nguyen,rebecca.nguyen@hotmail.com,false,true,2022-09-10 06:51:26
275,pbkdf2_sha256$1000000$Cvf5RK7U1aP09wFAjpKg34$ImeM4+1QFHCz5TI48UifbLIDOyvGCqcS0I8+2EbYSHo=,2022-06-23 03:51:21,false,user_245,Emily,Martinez,emilymartinez@gmail.com,false,true,2023-04-29 12:57:36
276,pbkdf2_sha256$1000000$E1rF9wVJUAUXNojYZhiTBz$4X+mMFnJix61njhJ2DF1hDr3uyodW4865eWycMjOyYY=,2023-07-11 22:25:24,false,user_246,Richard,Roberts,richardroberts@hotmail.com,false,true,2022-06-11 23:41:12
277,pbkdf2_sha256$1000000$OIVpuAsrpkbuvDZaMJY4Lt$X/zPKbcqXmj+VQ4m3xWrX8jEt3xAVsJ0f2L8NYM92bQ=,2023-04-26 11:50:55,false,user_247,Sandra,Lewis,sandra.lewis@outlook.com,false,true,2023-03-24 22:04:30
278,pbkdf2_sha256$1000000$67Guo6o24wuOfrYBo44R2P$OgrJWIwhes1td0Ttjdwjp2nDQeQl9JXixGhPqXtAmDI=,2021-07-28 06:00:37,false,user_248,Christopher,Rivera,crivera@hotmail.com,false,true,2021-02-02 22:33:26
279,pbkdf2_sha256$1000000$OdH5C2cFUwEV5Lxug5wZtp$uIWEg6fz7cQTs6iWDO76R6CO1VUJoklsfEERa3klIsI=,2021-04-04 01:11:35,false,user_249,Kevin,Allen,kevin.allen@gmail.com,false,true,2020-01-26 21:11:55
280,pbkdf2_sha256$1000000$aIFBfyj0N6nO9TjsLBpHFl$dnm2j6C/XxcRNdQDmOcv/brYOYJOekogpjUiBfNWG24=,2022-06-06 07:09:42,false,user_250,Kathleen,Anderson,kanderson@gmail.com,false,true,2020-09-29 09:46:07
281,pbkdf2_sha256$1000000$QviQj5k1IXGGtPyeTRFgWW$ASuj/pL/kFqdYcbzD9HTYaKhUeyBOy7AJCjppEciBxA=,2023-10-18 06:01:02,false,user_251,Ashley,Miller,ashleymiller@gmail.com,false,true,2023-05-12 00:59:07
282,pbkdf2_sha256$1000000$ODGN5Dgr1P9cy7HngHoL4m$TDhtctlnh78PhyB9Lx+Mz5MXlEzaSNUypOmjuqU/lF4=,2020-03-24 17:21:04,false,user_252,Mary,Jones,mary.jones@hotmail.com,false,true,2023-10-09 01:59:01
283,pbkdf2_sha256$1000000$8hTq2xqJdDTrZCuLYSzZSk$T76KPuXwjduH3dVnH4grtgmCVMabQ89kZGt8x92mCd4=,2021-05-19 03:48:13,false,user_253,Michelle,Clark,michelleclark@hotmail.com,false,true,2021-07-26 06:03:49
284,pbkdf2_sha256$1000000$68t8NqlxBVkMAvlJO3J7p3$kRSq+nz3ba4Gi5lmI6so9IczM/VHgfai/OduOwbw/wo=,2021-03-10 19:56:46,false,user_254,Lisa,Martin,lisa.martin@yahoo.com,false,true,2022-05-07 06:35:17
285,pbkdf2_sha256$1000000$XY0ak7LpQSSmX0uLW71lhx$dx216gw/xoNWEJSwLarWauZH+ZwzXouBKBEATe5aLSk=,2020-05-05 01:49:57,false,user_255,Robert,Ramirez,robert7@yahoo.com,false,true,2020-12-15 13:05:41
286,pbkdf2_sha256$1000000$5WFSAMRNIyAMqPSQCyM2i6$7adOltLHI7ZEqT0/XBTl3pMuRwCd/AN4N+cpsGPcBoA=,2022-12-19 09:08:58,false,user_256,Jason,Thompson,jthompson@yahoo.com,false,true,2021-10-21 01:07:25
287,pbkdf2_sha256$1000000$8RB6VOjcj0P98I69f6M28p$OEjWy4bldLUl7soLqA0n5LLRBfmqjneDh5VMwIMt9p8=,2020-04-02 19:15:20,false,user_257,Brandon,Robinson,brobinson@hotmail.com,false,true,2020-10-05 11:13:48
288,pbkdf2_sha256$1000000$NDMrsTZ3guyVL993iE2b0H$YP2ZG7TZEOMEZ83UDOOVjR38+RS+A5d7fHdKhEPc9IQ=,2020-12-20 19:58:57,false,user_258,Ryan,Martinez,ryan80@yahoo.com,false,true,2023-03-15 12:34:50
289,pbkdf2_sha256$1000000$VmYRA7cSstAW3CARShf0aM$IseEy5Q00KuUExYHTVUSV62je7ve6SFj1/Dh8EJ7BNM=,2021-02-27 00:15:32,false,user_259,Stephen,Walker,swalker@outlook.com,false,true,2020-01-01 17:48:51
290,pbkdf2_sha256$1000000$86RmSbpKzIR4aL7GcujBFD$z4Cr6lw7Y0aJgc9DzT0iHZiga9F4AxFoDA7ALUZHaiE=,2023-01-08 01:53:22,false,user_260,Michelle,Lee,mlee@outlook.com,false,true,2020-12-02 01:17:00
291,pbkdf2_sha256$1000000$hMQ2FwrSFlDwoT6Qz25q8P$1BOFr834q1s8fTTdRs6pEz56iwXKyTPux7LXZ2/rPl4=,2023-06-28 05:49:43,false,user_261,Rebecca,King,rebeccaking@gmail.com,false,true,2023-08-12 02:59:34
292,pbkdf2_sha256$1000000$JmrsbkX8OdSXIK2Gtsxutd$obivUEWlfFJO6TAq/bRG0S6CmVVXasmBUAvbftiVKwY=,2021-03-21 04:02:41,false,user_262,Nicholas,Lopez,nicholaslopez@hotmail.com,false,true,2020-01-11 08:38:01
293,pbkdf2_sha256$1000000$axJg8OnHor22RmikVlgJ9v$OFaREXN0LKh+aay/B9zyN1YEJaYP5xhvkfeJSmPB8O4=,2023-10-06 18:59:14,false,user_263,Kimberly,Jones,kimberlyjones@hotmail.com,false,true,2022-01-11 21:17:37
294,pbkdf2_sha256$1000000$HsViin9gYkFMXlQF4bKKJe$BsK7yM2h7D6q1/p5Y8VL+Ie1y7tejoe1lAMRzWuzcQA=,2022-09-29 10:10:17,false,user_264,David,Jackson,david36@yahoo.com,false,true,2023-09-29 23:57:18
295,pbkdf2_sha256$1000000$hCThqrIFY3hpBsZpU33azp$yfIF68MSEuC6G+1sm6dt3arAaNvT5/Uwmuquty+SLXg=,2020-06-23 17:34:02,false,user_265,Paul,Moore,paulmoore@hotmail.com,false,true,2022-07-09 08:33:12
296,pbkdf2_sha256$1000000$rEOubgaXoiN9Ajs7CAEA7b$4qb6yuSXradjyC8X1pK1qo5lEqmwNr9EDaqUap6j6sw=,2021-03-30 07:32:07,false,user_266,Kevin,Johnson,kjohnson@hotmail.com,false,true,2020-08-16 06:23:21
297,pbkdf2_sha256$1000000$OptfvVdxWsFiis3Q6kGijf$Vwzv8Tc83O9vAKvZVe1q2PACGZqNCKE44uej+o2GbqQ=,2020-11-16 13:55:20,false,user_267,Lisa,Harris,lisa.harris@hotmail.com,false,true,2022-04-20 06:25:54
298,pbkdf2_sha256$1000000$Re5tuSkjoJNwsYjRODX2HZ$4g2OI2c+RVjBUZCpvTeqaOudnrFGX1iTaglqHB3BoMg=,2020-11-20 15:43:10,false,user_268,Michael,Carter,michaelcarter@gmail.com,false,true,2021-01-11 15:54:58
299,pbkdf2_sha256$1000000$zxBO6gMZGTxofzxFO94shh$zCheouHgxxx5MqFFRgkJKA9PC2YJhphM+OVFcSw0Q1Y=,2022-07-05 11:11:38,false,user_269,Joshua,White,jwhite@gmail.com,false,true,2023-01-08 09:54:58
300,pbkdf2_sha256$1000000$c4WHTtG5pXoUvCtpXUPyTn$E4EH+tOLcyGhhvzfrdg990pPbrCoERH8oTb25To++0Q=,2020-08-20 23:39:07,false,user_270,Jonathan,Clark,jonathan35@hotmail.com,false,true,2023-04-13 08:23:00
301,pbkdf2_sha256$1000000$pnMdi5xlyaGVlTr0GrTqkT$iPPHeO3dMCOjxO45YOu67DruhK15cgIN9PgWT/shp74=,2020-05-30 07:47:04,false,user_271,Laura,Flores,lauraflores@hotmail.com,false,true,2022-04-20 07:51:14
302,pbkdf2_sha256$1000000$1s0TKELjAFEaRjTFqyq4wZ$/2epmsyE4+9er4arFObqT+QUaLOAnibpqAbHfaqgiEs=,2022-07-15 04:02:58,false,user_272,Anna,Gonzalez,anna38@hotmail.com,false,true,2022-06-22 23:54:16
303,pbkdf2_sha256$1000000$yJYqN4mIYZTYgDLsHUaGRP$9im7ccacPgH/kymLp8vu3vtiYwh9ShUzYwu1hn0dlV8=,2023-09-24 07:22:34,false,user_273,Sandra,Mitchell,sandra69@hotmail.com,false,true,2020-04-27 10:27:12
304,pbkdf2_sha256$1000000$NAKF27GvsuB7Yf1lresPag$LCP3XJbGEw1nFOkMWP5/9PTAX4bR8Vcsqi75sIJf6mY=,2020-07-19 15:43:36,false,user_274,Thomas,Perez,thomasperez@gmail.com,false,true,2022-04-30 19:42:17
305,pbkdf2_sha256$1000000$VuYbm8soBB9vx2EmWco2BW$i+sJcbWoVRd/jo3zZ/nc8y7aUQoDxoquyFkIk3Zysx0=,2020-06-12 00:54:56,false,user_275,Thomas,Nelson,thomasnelson@gmail.com,false,true,2022-06-28 08:11:37
306,pbkdf2_sha256$1000000$JE7xSFYSODnamu9nrI6PiD$Ve8UWZm7/DEYqY5U2NG6gfRQyrU+kXHfDQMn8m6YRKo=,2021-10-24 19:22:49,false,user_276,Nicole,Brown,nbrown@outlook.com,false,true,2022-01-14 18:11:01
307,pbkdf2_sha256$1000000$WbYJn3nY0qmr9n4wsdqGub$b9Fkvz8cHluZZtZ4SlEpN33P2fulAedZkw+bHVMLw3Y=,2021-07-21 20:38:33,false,user_277,Michael,Green,michael.green@outlook.com,false,true,2021-01-18 17:23:40
308,pbkdf2_sha256$1000000$YBl1kYcih8vc1rLsWCQUsp$rnnhxOCDeYxIJrd69guO1CBnZXbKxEQ7vlaVZU/tgeM=,2023-09-19 01:13:31,false,user_278,Brandon,Moore,brandonmoore@yahoo.com,false,true,2022-12-09 19:19:19
309,pbkdf2_sha256$1000000$T3MObhrvZoU6VjDtdb4j5Y$8xrXG0EgPK6hcmdjvboH6bpMJfsw8Ct8IH2ABWExo44=,2020-09-16 16:05:56,false,user_279,Kevin,Allen,kallen@outlook.com,false,true,2023-05-10 05:18:11
310,pbkdf2_sha256$1000000$ApG2uSFREJYfhdRVPfGC7S$f2i6d7R50lrabIQQvpYpamR95dVEz1UBF8UH5M19+uo=,2020-07-07 16:05:56,false,user_280,David,Roberts,david39@yahoo.com,false,true,2022-03-21 23:49:54
311,pbkdf2_sha256$1000000$qdYkZBUMz2xR0lvpwPcs86$NlnURHg17VW4QUp8nHGUEq1Kywh4Byrkz1icAOxfpEo=,2023-02-11 18:05:54,false,user_281,Larry,Jackson,larryjackson@outlook.com,false,true,2021-12-04 01:58:42
312,pbkdf2_sha256$1000000$nsPdLb0zCWyMebGd0Wuv0d$H39WjXJCLs8vtK1JVZWYSSZzoU/R8fFCR6zskFJU7/A=,2023-10-07 21:04:48,false,user_282,Jacob,Brown,jacobbrown@outlook.com,false,true,2023-09-16 14:55:48
313,pbkdf2_sha256$1000000$aIvd13cCFhkttqHnnq2jxa$/O8rjEVur48I2RK5tZhjnF0Qqc4Z3G6kSunS5Pbn9Zc=,2022-01-15 09:02:40,false,user_283,Deborah,Martin,dmartin@hotmail.com,false,true,2022-01-01 04:46:38
314,pbkdf2_sha256$1000000$pINOLSEVqhRQYD11NDQkr5$qWdpDdf5xd7y/gBNltCi1rnL6r3yaRLec3OUHuF7+rI=,2023-06-05 05:28:53,false,user_284,Gary,King,garyking@gmail.com,false,true,2022-06-28 08:27:43
315,pbkdf2_sha256$1000000$Vf2grFQOlZ0s64GfswaihS$YfaOfV3BRztYHhxoWXWGTBLB5ntVKzX/GNFDVX3FDuI=,2021-07-29 16:09:06,false,user_285,Jacob,Sanchez,jacob.sanchez@hotmail.com,false,true,2022-07-14 00:05:03
316,pbkdf2_sha256$1000000$xFiamZHWVnztyYSLtd0nUf$zjVNDEpubcXKvei7RMB+uqeRzmwu9RzPzyMFzYsJ518=,2020-12-01 01:43:26,false,user_286,Jennifer,Torres,jtorres@hotmail.com,false,true,2023-12-04 22:20:29
317,pbkdf2_sha256$1000000$RGNc9VQ4boeSIrEp1tT5OW$y8eHij+p2sU+SO94FMpB8utwDho/2mxEw5kXiDcPjl0=,2022-06-04 22:16:09,false,user_287,Donald,White,donaldwhite@yahoo.com,false,true,2022-04-17 16:56:01
318,pbkdf2_sha256$1000000$o1xNFO0DdJmnSodKOyMYLI$7MGWQ7Vy6ujbxHDKehdoF26ym6puoEFT3QcQXFUWank=,2022-05-26 06:21:11,false,user_288,Nicole,Hernandez,nicole.hernandez@hotmail.com,false,true,2022-09-27 09:18:29
319,pbkdf2_sha256$1000000$omoS57frK47gTSrZMNLqPp$E6BzvwWL3c70tZEQTO9yFZYLNqdD57ABp+1fNd0wGq8=,2022-10-06 13:54:39,false,user_289,Deborah,Moore,deborah15@gmail.com,false,true,2021-06-08 16:58:03
320,pbkdf2_sha256$1000000$oHWeMmxSRFIeozElaZAbbO$bylsAG8DcjnxcdX7TilZdCFcvuIr1P+toRq7mGpUuaE=,2022-01-17 01:57:07,false,user_290,Brian,Green,bgreen@outlook.com,false,true,2021-07-25 10:40:18
321,pbkdf2_sha256$1000000$159fFF0VOoRY2gcuDG5Jyc$ywcYv2aKRwwt9dSkWc2psPY6aqeNbuaqMRjdSfxttNQ=,2023-12-12 08:06:29,false,user_291,Amy,Perez,amy.perez@yahoo.com,false,true,2022-01-09 10:30:51
322,pbkdf2_sha256$1000000$OUB54HFQK7tD92tgMhaNcD$a/yPjNXsE2shOwked9ggOoTJ9j9T2fg73n+ZXEoxhwo=,2020-06-18 17:50:20,false,user_292,Nicholas,Lewis,nicholas.lewis@gmail.com,false,true,2022-03-09 11:45:53
323,pbkdf2_sha256$1000000$Ccm8hef0yGRIMtLFqtac0e$P/Cf+Gcu6tBBmfMBrUoBS6QY2Imzr+gtIsFOe2YOcHE=,2022-01-18 20:10:26,false,user_293,Michael,Rivera,michael.rivera@hotmail.com,false,true,2021-08-10 11:38:44
324,pbkdf2_sha256$1000000$zEXL5gR2mDhS00v639NIKc$BgtOHq5D/bT3jenz3ukPo1kA1VCv+U8jqAEhzS8on+E=,2021-12-04 04:41:19,false,user_294,Ashley,Scott,ashley60@yahoo.com,false,true,2020-12-23 10:12:41
325,pbkdf2_sha256$1000000$mDrT8r8ltNuLInYLmvmgPl$7LOTRd5ynS9H2THHGbRy7eKT7D3A7hmNMkM9PFtdPW0=,2023-06-06 22:31:00,false,user_295,Stephanie,Roberts,stephanieroberts@yahoo.com,false,true,2021-10-02 09:48:05
326,pbkdf2_sha256$1000000$vBbxWDDEoGfMQyJO67D8dW$4nnKLQyfkIJH0p7/VWKZjunzmxx409OYGQF8LxZ2SOk=,2023-09-07 13:25:26,false,user_296,Anthony,Taylor,anthony.taylor@outlook.com,false,true,2023-10-23 08:18:11
327,pbkdf2_sha256$1000000$OhxSXw6IbQ3E3BYhwiunOv$w3GXM2QA9wljHLX5aNKHxadThwK1nR//NMpgrXSSCcA=,2023-11-02 02:24:12,false,user_297,Jason,White,jwhite@outlook.com,false,true,2022-01-31 05:47:25
328,pbkdf2_sha256$1000000$nlIUOlnyWHBII1X24WMFDn$fW+8zUnNz3HueJom/QZZNTGa+WgpIqy9+KLzpi2LuMA=,2020-06-24 13:06:45,false,user_298,Ashley,Thompson,athompson@hotmail.com,false,true,2023-08-05 02:47:39
329,pbkdf2_sha256$1000000$2PRfBmlwL6q8FNkFL15IbA$8bzZTxmDPc8xzN/KWLNssP0Py71YowwrXLnNuy/L61I=,2020-07-19 00:18:52,false,user_299,Donna,Gonzalez,dgonzalez@gmail.com,false,true,2022-02-06 06:28:17
330,pbkdf2_sha256$1000000$JAhM9LeVHPsayPovl9Zzmr$ZXiLPBRLWzV9/oCKcM9NjGPPXvvWWPBy/O8DD2e/fXY=,2023-05-24 22:34:25,false,user_300,Sarah,Lopez,sarah72@outlook.com,false,true,2021-10-03 14:38:09
